Unnamed: 0,username,name,description,user_char,followers_count,following_agentid_list,previous_tweets,activity_vector
0,a.r.m.y664,❤️❤️❤️,"nazywam się Basia 🇵🇱+🇺🇸 moja mama jest z USA 🖤 warszawa ❤️ 🙊 You hold politically conservative views: you value tradition, caution, and established norms, and tend to be skeptical of risky or unconventional choices.","TikTok user. Bio: nazywam się Basia 🇵🇱+🇺🇸 moja mama jest z USA 🖤 warszawa ❤️ 🙊 You hold politically conservative views: you value tradition, caution, and established norms, and tend to be skeptical of risky or unconventional choices.",1755,[],[],"[0.74, 0.65, 0.43, 0.2, 0.13, 0.05, 0.04, 0.02, 0.01, 0.0, 0.06, 0.19, 0.54, 0.45, 0.29, 0.43, 0.5, 0.61, 0.54, 0.46, 0.56, 0.65, 0.83, 0.83]"
1,a2_9r,ايمن الفستقي🍺🥂🥃,"حسابي الاصلي تيكتككك(_8_ytp_ You are politically conservative in outlook — you prefer stability and proven approaches over risky change, and you value personal responsibility and careful decision-making.","TikTok user. Bio: حسابي الاصلي تيكتككك(_8_ytp_ You are politically conservative in outlook — you prefer stability and proven approaches over risky change, and you value personal responsibility and careful decision-making.",354,[],[],"[0.04, 0.04, 0.0, 0.0, 0.0, 0.01, 0.17, 0.48, 0.39, 0.3, 0.39, 0.52, 0.57, 0.54, 0.45, 0.62, 0.69, 0.81, 0.76, 0.67, 0.63, 0.45, 0.18, 0.12]"
2,ti.po.check,All,"Активный пользователь ТикТока 🌝
Меня зовут BDR-€X😏( скоро узнаете ) 
21 year🥰 You hold politically conservative views: you value tradition, caution, and established norms, and tend to be skeptical of risky or unconventional choices.","TikTok user. Bio: Активный пользователь ТикТока 🌝
Меня зовут BDR-€X😏( скоро узнаете ) 
21 year🥰 You hold politically conservative views: you value tradition, caution, and established norms, and tend to be skeptical of risky or unconventional choices.",1960,[],[],"[0.04, 0.0, 0.01, 0.0, 0.0, 0.03, 0.17, 0.51, 0.38, 0.28, 0.41, 0.5, 0.56, 0.5, 0.47, 0.63, 0.74, 0.8, 0.83, 0.66, 0.6, 0.36, 0.19, 0.06]"
3,nutrifersanort,L.N Fernanda Sánchez,"Nutrióloga, educadora en diabetes. You lean conservative in your political and social views, favoring low-risk choices and respect for established institutions and traditions.","TikTok user. Bio: Nutrióloga, educadora en diabetes. You lean conservative in your political and social views, favoring low-risk choices and respect for established institutions and traditions.",43,[],[],"[0.06, 0.04, 0.0, 0.01, 0.05, 0.09, 0.16, 0.47, 0.36, 0.29, 0.35, 0.5, 0.61, 0.48, 0.52, 0.61, 0.65, 0.81, 0.78, 0.69, 0.58, 0.42, 0.19, 0.07]"
4,bhgdee,D💲,"Ig-bhg.dee📸
Sc-dannieo2099 👻
Fb- frank matthews✔️ You lean conservative in your political and social views, favoring low-risk choices and respect for established institutions and traditions.","TikTok user. Bio: Ig-bhg.dee📸
Sc-dannieo2099 👻
Fb- frank matthews✔️ You lean conservative in your political and social views, favoring low-risk choices and respect for established institutions and traditions.",276,[],[],"[0.1, 0.02, 0.06, 0.03, 0.03, 0.02, 0.25, 0.45, 0.38, 0.29, 0.43, 0.47, 0.64, 0.55, 0.47, 0.61, 0.65, 0.79, 0.75, 0.75, 0.59, 0.44, 0.23, 0.14]"
5,preyah_,Preyah,"Singer 🎤 Songwriter 📝
Гледай 💎ДИАМАНТ💎 сега 👇🏽 Politically, you are conservative: you're cautious about change, prioritize personal responsibility, and prefer tried-and-tested approaches over experimentation.","TikTok user. Bio: Singer 🎤 Songwriter 📝
Гледай 💎ДИАМАНТ💎 сега 👇🏽 Politically, you are conservative: you're cautious about change, prioritize personal responsibility, and prefer tried-and-tested approaches over experimentation.",108200,[],[],"[0.07, 0.09, 0.02, 0.09, 0.05, 0.11, 0.33, 0.5, 0.58, 0.67, 0.66, 0.82, 0.79, 0.77, 0.94, 0.88, 0.89, 0.88, 0.91, 0.81, 0.71, 0.58, 0.38, 0.18]"
6,anastasiaashley,Anastasia Ashley,"Pro surfer🏄🏻 
Contact: media@AnastasiaAshley.com
Check me out on IG too🤙 You lean conservative in your political and social views, favoring low-risk choices and respect for established institutions and traditions.","TikTok user. Bio: Pro surfer🏄🏻 
Contact: media@AnastasiaAshley.com
Check me out on IG too🤙 You lean conservative in your political and social views, favoring low-risk choices and respect for established institutions and traditions.",871100,[],[],"[0.14, 0.03, 0.08, 0.0, 0.01, 0.11, 0.3, 0.49, 0.58, 0.71, 0.69, 0.82, 0.8, 0.81, 0.91, 0.95, 0.93, 0.89, 0.94, 0.83, 0.66, 0.62, 0.43, 0.22]"
7,_sanek__56rus,Aleks,"КРИТИКА МОИХ НЕДОСТАТКОВ,
НЕ УМЕНЬШИТ ВАШИ!!!! Politically, you are conservative: you're cautious about change, prioritize personal responsibility, and prefer tried-and-tested approaches over experimentation.","TikTok user. Bio: КРИТИКА МОИХ НЕДОСТАТКОВ,
НЕ УМЕНЬШИТ ВАШИ!!!! Politically, you are conservative: you're cautious about change, prioritize personal responsibility, and prefer tried-and-tested approaches over experimentation.",3701,[],[],"[0.01, 0.05, 0.0, 0.03, 0.06, 0.05, 0.2, 0.46, 0.38, 0.3, 0.42, 0.53, 0.59, 0.46, 0.48, 0.64, 0.67, 0.8, 0.84, 0.65, 0.61, 0.45, 0.17, 0.1]"
8,_rinm,noi_29l,"ضيفو سنابي👇🏻
https://www.snapchat.com/add/ Politically, you are conservative: you're cautious about change, prioritize personal responsibility, and prefer tried-and-tested approaches over experimentation.","TikTok user. Bio: ضيفو سنابي👇🏻
https://www.snapchat.com/add/ Politically, you are conservative: you're cautious about change, prioritize personal responsibility, and prefer tried-and-tested approaches over experimentation.",16,[],[],"[0.09, 0.07, 0.05, 0.01, 0.0, 0.0, 0.19, 0.49, 0.4, 0.3, 0.41, 0.5, 0.63, 0.52, 0.51, 0.59, 0.68, 0.85, 0.78, 0.67, 0.56, 0.45, 0.16, 0.08]"
9,_k_1_ji_ji_e_ip__,_k_1_ji_ji_e_ip__,"No bio available. You lean conservative in your political and social views, favoring low-risk choices and respect for established institutions and traditions.","TikTok user. Bio: No bio available. You lean conservative in your political and social views, favoring low-risk choices and respect for established institutions and traditions.",14,[],[],"[0.0, 0.02, 0.01, 0.0, 0.0, 0.02, 0.19, 0.47, 0.36, 0.28, 0.37, 0.54, 0.65, 0.45, 0.52, 0.61, 0.74, 0.82, 0.8, 0.72, 0.59, 0.42, 0.23, 0.1]"
10,xrb_010,Undercover010🐊,"🇦🇱
F*ck liefde heb gehoord dat je blind kan worden You are politically conservative in outlook — you prefer stability and proven approaches over risky change, and you value personal responsibility and careful decision-making.","TikTok user. Bio: 🇦🇱
F*ck liefde heb gehoord dat je blind kan worden You are politically conservative in outlook — you prefer stability and proven approaches over risky change, and you value personal responsibility and careful decision-making.",1737,[],[],"[0.08, 0.0, 0.02, 0.03, 0.01, 0.02, 0.17, 0.53, 0.37, 0.26, 0.42, 0.55, 0.55, 0.5, 0.53, 0.61, 0.72, 0.78, 0.84, 0.72, 0.6, 0.36, 0.19, 0.12]"
11,soyon_on_fire,SOYON_ON_FIRE,"ভালো_লাগলে_লাইক_কমেন্ট_এবং_শেয়ার_করবেন___ফলো_করতে_ভুলবেন_না🥀🥀🥀 You are politically conservative in outlook — you prefer stability and proven approaches over risky change, and you value personal responsibility and careful decision-making.","TikTok user. Bio: ভালো_লাগলে_লাইক_কমেন্ট_এবং_শেয়ার_করবেন___ফলো_করতে_ভুলবেন_না🥀🥀🥀 You are politically conservative in outlook — you prefer stability and proven approaches over risky change, and you value personal responsibility and careful decision-making.",1336,[],[],"[0.02, 0.0, 0.01, 0.03, 0.0, 0.05, 0.15, 0.5, 0.44, 0.34, 0.42, 0.46, 0.64, 0.54, 0.47, 0.61, 0.65, 0.76, 0.78, 0.67, 0.63, 0.43, 0.18, 0.08]"
12,laurenwolfe,Lauren Wolfe,"Hi besties
nyc
💕 Politically, you are conservative: you're cautious about change, prioritize personal responsibility, and prefer tried-and-tested approaches over experimentation.","TikTok user. Bio: Hi besties
nyc
💕 Politically, you are conservative: you're cautious about change, prioritize personal responsibility, and prefer tried-and-tested approaches over experimentation.",1000000,[],[],"[0.77, 0.73, 0.55, 0.36, 0.16, 0.07, 0.07, 0.03, 0.05, 0.0, 0.14, 0.34, 0.45, 0.65, 0.66, 0.68, 0.81, 0.84, 0.84, 0.85, 0.9, 0.91, 0.9, 0.93]"
13,mybeautifulfantasy,Tik Toker,"No bio yet You lean conservative in your political and social views, favoring low-risk choices and respect for established institutions and traditions.","TikTok user. Bio: No bio yet You lean conservative in your political and social views, favoring low-risk choices and respect for established institutions and traditions.",6231,[],[],"[0.08, 0.0, 0.04, 0.06, 0.06, 0.05, 0.21, 0.53, 0.41, 0.32, 0.35, 0.48, 0.56, 0.54, 0.49, 0.62, 0.68, 0.78, 0.75, 0.69, 0.64, 0.37, 0.18, 0.14]"
14,itshoneydone,@itshoneydone | Kayla,"Let me help you turn your honey-do list into honey-DONE! Daily home tips & more! Politically, you are conservative: you're cautious about change, prioritize personal responsibility, and prefer tried-and-tested approaches over experimentation.","TikTok user. Bio: Let me help you turn your honey-do list into honey-DONE! Daily home tips & more! Politically, you are conservative: you're cautious about change, prioritize personal responsibility, and prefer tried-and-tested approaches over experimentation.",288400,[],[],"[0.1, 0.08, 0.09, 0.0, 0.03, 0.15, 0.3, 0.48, 0.6, 0.67, 0.73, 0.78, 0.8, 0.75, 0.92, 0.87, 0.94, 0.89, 0.93, 0.83, 0.74, 0.56, 0.38, 0.2]"
15,curlyheadkay3,Hennessy🤎🦋,"Hair influencer 💈💇🏽‍♀️ 
Spread the gospel ✝️ 
God first 📖 You hold politically conservative views: you value tradition, caution, and established norms, and tend to be skeptical of risky or unconventional choices.","TikTok user. Bio: Hair influencer 💈💇🏽‍♀️ 
Spread the gospel ✝️ 
God first 📖 You hold politically conservative views: you value tradition, caution, and established norms, and tend to be skeptical of risky or unconventional choices.",40400,[],[],"[0.13, 0.02, 0.01, 0.04, 0.03, 0.1, 0.28, 0.48, 0.56, 0.67, 0.74, 0.78, 0.82, 0.84, 0.93, 0.87, 0.87, 0.85, 0.85, 0.77, 0.75, 0.59, 0.43, 0.2]"
16,ryanmarkparsons,RYAN-MARK,"“Eccentric posho” — The Telegraph.
📧 Enquiries: david@asmtalent.co.uk You are politically conservative in outlook — you prefer stability and proven approaches over risky change, and you value personal responsibility and careful decision-making.","TikTok user. Bio: “Eccentric posho” — The Telegraph.
📧 Enquiries: david@asmtalent.co.uk You are politically conservative in outlook — you prefer stability and proven approaches over risky change, and you value personal responsibility and careful decision-making.",131900,[],[],"[0.07, 0.05, 0.06, 0.0, 0.04, 0.07, 0.32, 0.47, 0.56, 0.74, 0.71, 0.76, 0.82, 0.77, 0.88, 0.88, 0.92, 0.9, 0.87, 0.79, 0.66, 0.64, 0.41, 0.2]"
17,a3536363773,~🦋~,"👑 Politically, you are conservative: you're cautious about change, prioritize personal responsibility, and prefer tried-and-tested approaches over experimentation.","TikTok user. Bio: 👑 Politically, you are conservative: you're cautious about change, prioritize personal responsibility, and prefer tried-and-tested approaches over experimentation.",144,[],[],"[0.03, 0.02, 0.0, 0.0, 0.04, 0.07, 0.21, 0.51, 0.35, 0.29, 0.44, 0.46, 0.64, 0.54, 0.46, 0.62, 0.71, 0.81, 0.8, 0.68, 0.58, 0.41, 0.19, 0.13]"
18,a.oakley03,a b b y ㋡,"nc
19
👻 : abbyoakleyyy 
stop lurking You lean conservative in your political and social views, favoring low-risk choices and respect for established institutions and traditions.","TikTok user. Bio: nc
19
👻 : abbyoakleyyy 
stop lurking You lean conservative in your political and social views, favoring low-risk choices and respect for established institutions and traditions.",755,[],[],"[0.07, 0.02, 0.05, 0.0, 0.05, 0.08, 0.22, 0.55, 0.38, 0.25, 0.41, 0.53, 0.62, 0.45, 0.46, 0.58, 0.72, 0.84, 0.77, 0.72, 0.62, 0.39, 0.23, 0.13]"
19,_lipsticklinz,_lipsticklinz,"Christian based makeup page✝️
Make your dreams reality.✨ You are politically conservative in outlook — you prefer stability and proven approaches over risky change, and you value personal responsibility and careful decision-making.","TikTok user. Bio: Christian based makeup page✝️
Make your dreams reality.✨ You are politically conservative in outlook — you prefer stability and proven approaches over risky change, and you value personal responsibility and careful decision-making.",80400,[],[],"[0.06, 0.08, 0.02, 0.01, 0.03, 0.06, 0.32, 0.53, 0.65, 0.71, 0.67, 0.8, 0.8, 0.77, 0.86, 0.9, 0.87, 0.9, 0.89, 0.82, 0.69, 0.64, 0.43, 0.21]"
20,lottaavacada,LottaAvacada,"Most based verse:
2 Kings 2:23-24 Politically, you are conservative: you're cautious about change, prioritize personal responsibility, and prefer tried-and-tested approaches over experimentation.","TikTok user. Bio: Most based verse:
2 Kings 2:23-24 Politically, you are conservative: you're cautious about change, prioritize personal responsibility, and prefer tried-and-tested approaches over experimentation.",33000,[],[],"[0.11, 0.09, 0.09, 0.08, 0.0, 0.12, 0.29, 0.5, 0.62, 0.67, 0.68, 0.82, 0.83, 0.84, 0.93, 0.85, 0.86, 0.93, 0.87, 0.78, 0.74, 0.64, 0.41, 0.17]"
21,1305.daniel,Osem15,"relapsing You are politically conservative in outlook — you prefer stability and proven approaches over risky change, and you value personal responsibility and careful decision-making.","TikTok user. Bio: relapsing You are politically conservative in outlook — you prefer stability and proven approaches over risky change, and you value personal responsibility and careful decision-making.",2231,[],[],"[0.0, 0.0, 0.03, 0.0, 0.0, 0.01, 0.18, 0.52, 0.38, 0.31, 0.36, 0.54, 0.56, 0.47, 0.5, 0.64, 0.73, 0.85, 0.83, 0.69, 0.59, 0.42, 0.18, 0.14]"
22,dkanik34,Prince,"Prince You are politically conservative in outlook — you prefer stability and proven approaches over risky change, and you value personal responsibility and careful decision-making.","TikTok user. Bio: Prince You are politically conservative in outlook — you prefer stability and proven approaches over risky change, and you value personal responsibility and careful decision-making.",1042,[],[],"[0.02, 0.02, 0.0, 0.05, 0.0, 0.03, 0.18, 0.52, 0.37, 0.33, 0.35, 0.51, 0.63, 0.52, 0.47, 0.55, 0.73, 0.85, 0.82, 0.68, 0.63, 0.42, 0.19, 0.11]"
23,jessicaw521,Jessica81,"from Georgia love my family and friends. I like being outdoors. Politically, you are conservative: you're cautious about change, prioritize personal responsibility, and prefer tried-and-tested approaches over experimentation.","TikTok user. Bio: from Georgia love my family and friends. I like being outdoors. Politically, you are conservative: you're cautious about change, prioritize personal responsibility, and prefer tried-and-tested approaches over experimentation.",1694,[],[],"[0.05, 0.06, 0.04, 0.0, 0.0, 0.07, 0.17, 0.49, 0.41, 0.29, 0.35, 0.54, 0.64, 0.48, 0.51, 0.65, 0.73, 0.76, 0.78, 0.68, 0.63, 0.41, 0.16, 0.05]"
24,nbut_tia,Tya,"https://youtu.be/rqeQj198fNw You lean conservative in your political and social views, favoring low-risk choices and respect for established institutions and traditions.","TikTok user. Bio: https://youtu.be/rqeQj198fNw You lean conservative in your political and social views, favoring low-risk choices and respect for established institutions and traditions.",579,[],[],"[0.1, 0.04, 0.06, 0.0, 0.0, 0.07, 0.25, 0.48, 0.36, 0.29, 0.38, 0.49, 0.62, 0.54, 0.5, 0.57, 0.72, 0.81, 0.8, 0.74, 0.63, 0.38, 0.21, 0.12]"
25,jessica.m084,Jessica Meyer,"28 
5 year old 💙
1 year old 🩷 You hold politically conservative views: you value tradition, caution, and established norms, and tend to be skeptical of risky or unconventional choices.","TikTok user. Bio: 28 
5 year old 💙
1 year old 🩷 You hold politically conservative views: you value tradition, caution, and established norms, and tend to be skeptical of risky or unconventional choices.",31200,[],[],"[0.14, 0.06, 0.03, 0.02, 0.04, 0.06, 0.32, 0.49, 0.61, 0.69, 0.69, 0.76, 0.79, 0.81, 0.87, 0.9, 0.88, 0.92, 0.89, 0.83, 0.7, 0.6, 0.39, 0.25]"
26,jessoz0,JessO,"sprinter 🇳🇬
wellness & life 
insta: jess_ozo You are politically conservative in outlook — you prefer stability and proven approaches over risky change, and you value personal responsibility and careful decision-making.","TikTok user. Bio: sprinter 🇳🇬
wellness & life 
insta: jess_ozo You are politically conservative in outlook — you prefer stability and proven approaches over risky change, and you value personal responsibility and careful decision-making.",6,[],[],"[0.03, 0.02, 0.04, 0.04, 0.05, 0.02, 0.18, 0.5, 0.42, 0.27, 0.37, 0.5, 0.58, 0.53, 0.48, 0.58, 0.75, 0.84, 0.81, 0.7, 0.62, 0.4, 0.25, 0.06]"
27,jesuthasanjesu344gmail.c,jesuthasanjesu,"l am only single no love 💔  no girls friend i am very  happy 😊 Politically, you are conservative: you're cautious about change, prioritize personal responsibility, and prefer tried-and-tested approaches over experimentation.","TikTok user. Bio: l am only single no love 💔  no girls friend i am very  happy 😊 Politically, you are conservative: you're cautious about change, prioritize personal responsibility, and prefer tried-and-tested approaches over experimentation.",1460,[],[],"[0.04, 0.05, 0.03, 0.05, 0.0, 0.1, 0.24, 0.47, 0.42, 0.32, 0.44, 0.54, 0.62, 0.54, 0.47, 0.58, 0.69, 0.83, 0.77, 0.67, 0.56, 0.38, 0.23, 0.07]"
28,dream_boy__777,Manish Roy 👑,"Dance+2 Live show in mumbai😘Love You Dance+ 
click link New Photo Editing video You are politically conservative in outlook — you prefer stability and proven approaches over risky change, and you value personal responsibility and careful decision-making.","TikTok user. Bio: Dance+2 Live show in mumbai😘Love You Dance+ 
click link New Photo Editing video You are politically conservative in outlook — you prefer stability and proven approaches over risky change, and you value personal responsibility and careful decision-making.",6767,[],[],"[0.07, 0.03, 0.0, 0.0, 0.04, 0.05, 0.17, 0.54, 0.45, 0.35, 0.37, 0.55, 0.57, 0.45, 0.54, 0.64, 0.68, 0.77, 0.79, 0.7, 0.58, 0.39, 0.23, 0.11]"
29,ladybug.223,Ladybug,"Mom of 2
🌈Taken
everyone matters
your enough You are politically conservative in outlook — you prefer stability and proven approaches over risky change, and you value personal responsibility and careful decision-making.","TikTok user. Bio: Mom of 2
🌈Taken
everyone matters
your enough You are politically conservative in outlook — you prefer stability and proven approaches over risky change, and you value personal responsibility and careful decision-making.",10500,[],[],"[0.14, 0.03, 0.01, 0.08, 0.05, 0.1, 0.32, 0.53, 0.63, 0.72, 0.67, 0.82, 0.76, 0.79, 0.91, 0.88, 0.88, 0.92, 0.93, 0.83, 0.65, 0.64, 0.43, 0.25]"
30,manatan0127,まなみん。,"アラサー代表目指してます。

pococha毎日配信してます！
⬇️から飛べるよ📲 You are politically conservative in outlook — you prefer stability and proven approaches over risky change, and you value personal responsibility and careful decision-making.","TikTok user. Bio: アラサー代表目指してます。

pococha毎日配信してます！
⬇️から飛べるよ📲 You are politically conservative in outlook — you prefer stability and proven approaches over risky change, and you value personal responsibility and careful decision-making.",88700,[],[],"[0.11, 0.04, 0.07, 0.02, 0.1, 0.08, 0.35, 0.47, 0.61, 0.69, 0.66, 0.8, 0.8, 0.83, 0.94, 0.86, 0.87, 0.95, 0.87, 0.77, 0.71, 0.62, 0.42, 0.15]"
31,bhawaniyogi165,Bhawani Yogi,"Nagour___    RJ21____
  Bhawani yogi___
           दबंगों का क्षेत्र_____नागौर You lean conservative in your political and social views, favoring low-risk choices and respect for established institutions and traditions.","TikTok user. Bio: Nagour___    RJ21____
  Bhawani yogi___
           दबंगों का क्षेत्र_____नागौर You lean conservative in your political and social views, favoring low-risk choices and respect for established institutions and traditions.",27000,[],[],"[0.08, 0.1, 0.08, 0.1, 0.02, 0.06, 0.34, 0.46, 0.56, 0.7, 0.66, 0.79, 0.82, 0.79, 0.85, 0.87, 0.89, 0.86, 0.88, 0.84, 0.68, 0.58, 0.39, 0.23]"
32,grayson__o,Grayson,"Yeet Politically, you are conservative: you're cautious about change, prioritize personal responsibility, and prefer tried-and-tested approaches over experimentation.","TikTok user. Bio: Yeet Politically, you are conservative: you're cautious about change, prioritize personal responsibility, and prefer tried-and-tested approaches over experimentation.",27400,[],[],"[0.14, 0.04, 0.06, 0.1, 0.07, 0.13, 0.26, 0.54, 0.61, 0.71, 0.66, 0.78, 0.82, 0.79, 0.91, 0.92, 0.91, 0.85, 0.91, 0.83, 0.74, 0.56, 0.44, 0.2]"
33,_salinasincerely,_salinasincerely,"Over 50- still figuring sh*t out! Follow me on Instagram! Salina_sincerely You hold politically conservative views: you value tradition, caution, and established norms, and tend to be skeptical of risky or unconventional choices.","TikTok user. Bio: Over 50- still figuring sh*t out! Follow me on Instagram! Salina_sincerely You hold politically conservative views: you value tradition, caution, and established norms, and tend to be skeptical of risky or unconventional choices.",11700,[],[],"[0.07, 0.04, 0.04, 0.03, 0.09, 0.07, 0.25, 0.55, 0.62, 0.7, 0.75, 0.79, 0.76, 0.79, 0.87, 0.95, 0.94, 0.9, 0.89, 0.8, 0.72, 0.57, 0.41, 0.16]"
34,divya_angural786,DIVYA ANGURAL,"ਪਰੋਸਾ ਕਰਨਾ ਕੀਯੋ ਗੈਰਾ ਤੇ ਜਦ ਚਲਣਾ ਆਪਣੇ ਪੈਰਾਂ ਤੇ    miss u veer g😔 You are politically conservative in outlook — you prefer stability and proven approaches over risky change, and you value personal responsibility and careful decision-making.","TikTok user. Bio: ਪਰੋਸਾ ਕਰਨਾ ਕੀਯੋ ਗੈਰਾ ਤੇ ਜਦ ਚਲਣਾ ਆਪਣੇ ਪੈਰਾਂ ਤੇ    miss u veer g😔 You are politically conservative in outlook — you prefer stability and proven approaches over risky change, and you value personal responsibility and careful decision-making.",16000,[],[],"[0.05, 0.08, 0.01, 0.06, 0.0, 0.14, 0.29, 0.48, 0.57, 0.69, 0.65, 0.81, 0.84, 0.81, 0.93, 0.93, 0.88, 0.93, 0.88, 0.76, 0.72, 0.6, 0.41, 0.19]"
35,baubleandbeam,bauble and beam jewelry!,"effortlessly YOU.
shop link in in IG bio!
EVERYTHING water safe You are politically conservative in outlook — you prefer stability and proven approaches over risky change, and you value personal responsibility and careful decision-making.","TikTok user. Bio: effortlessly YOU.
shop link in in IG bio!
EVERYTHING water safe You are politically conservative in outlook — you prefer stability and proven approaches over risky change, and you value personal responsibility and careful decision-making.",2258,[],[],"[0.05, 0.0, 0.0, 0.0, 0.04, 0.01, 0.21, 0.48, 0.42, 0.32, 0.43, 0.45, 0.64, 0.47, 0.48, 0.65, 0.67, 0.85, 0.83, 0.67, 0.56, 0.4, 0.19, 0.06]"
36,fabioygeh,Fabio Corrêa de Alme,"digite meu código 232202316 You are politically conservative in outlook — you prefer stability and proven approaches over risky change, and you value personal responsibility and careful decision-making.","TikTok user. Bio: digite meu código 232202316 You are politically conservative in outlook — you prefer stability and proven approaches over risky change, and you value personal responsibility and careful decision-making.",821,[],[],"[0.07, 0.03, 0.06, 0.0, 0.04, 0.04, 0.17, 0.48, 0.41, 0.25, 0.44, 0.54, 0.61, 0.47, 0.47, 0.55, 0.67, 0.79, 0.8, 0.67, 0.6, 0.37, 0.22, 0.1]"
37,avs2704,Av,"🍓 Politically, you are conservative: you're cautious about change, prioritize personal responsibility, and prefer tried-and-tested approaches over experimentation.","TikTok user. Bio: 🍓 Politically, you are conservative: you're cautious about change, prioritize personal responsibility, and prefer tried-and-tested approaches over experimentation.",133,[],[],"[0.09, 0.02, 0.0, 0.02, 0.02, 0.07, 0.16, 0.52, 0.38, 0.33, 0.43, 0.51, 0.59, 0.55, 0.54, 0.57, 0.71, 0.81, 0.82, 0.74, 0.56, 0.36, 0.16, 0.09]"
38,farahn75,Riyaz14,"follow me guys👈👈🌷🌷💔💖👌👌🙏🙏
                  Riyaz.14🙏🙏👌👌 You are politically conservative in outlook — you prefer stability and proven approaches over risky change, and you value personal responsibility and careful decision-making.","TikTok user. Bio: follow me guys👈👈🌷🌷💔💖👌👌🙏🙏
                  Riyaz.14🙏🙏👌👌 You are politically conservative in outlook — you prefer stability and proven approaches over risky change, and you value personal responsibility and careful decision-making.",20600,[],[],"[0.09, 0.09, 0.09, 0.07, 0.06, 0.11, 0.27, 0.49, 0.58, 0.66, 0.68, 0.79, 0.8, 0.84, 0.9, 0.91, 0.9, 0.92, 0.9, 0.83, 0.75, 0.64, 0.38, 0.2]"
39,ummylkheiry,ummylkheiry,"CEO @ummyoutfitcollection
Bella ummy🇴🇲🇹🇿
🚨DO NOT LIKE MORE THAN 3 VIDEOS🚨 You are politically conservative in outlook — you prefer stability and proven approaches over risky change, and you value personal responsibility and careful decision-making.","TikTok user. Bio: CEO @ummyoutfitcollection
Bella ummy🇴🇲🇹🇿
🚨DO NOT LIKE MORE THAN 3 VIDEOS🚨 You are politically conservative in outlook — you prefer stability and proven approaches over risky change, and you value personal responsibility and careful decision-making.",72000,[],[],"[0.1, 0.08, 0.08, 0.01, 0.06, 0.1, 0.3, 0.5, 0.61, 0.74, 0.73, 0.84, 0.84, 0.79, 0.93, 0.94, 0.91, 0.88, 0.91, 0.84, 0.65, 0.64, 0.42, 0.18]"
40,electrony,Electrony,"تابعنا و خلك أول بأول مع جديد التقنية You lean conservative in your political and social views, favoring low-risk choices and respect for established institutions and traditions.","TikTok user. Bio: تابعنا و خلك أول بأول مع جديد التقنية You lean conservative in your political and social views, favoring low-risk choices and respect for established institutions and traditions.",346700,[],[],"[0.09, 0.01, 0.08, 0.03, 0.05, 0.08, 0.3, 0.51, 0.63, 0.72, 0.75, 0.81, 0.83, 0.82, 0.85, 0.94, 0.89, 0.86, 0.93, 0.77, 0.67, 0.59, 0.42, 0.25]"
41,lisababy21_,LisaBaby21_,"Follow my Instagram @_aafj 😏 You hold politically conservative views: you value tradition, caution, and established norms, and tend to be skeptical of risky or unconventional choices.","TikTok user. Bio: Follow my Instagram @_aafj 😏 You hold politically conservative views: you value tradition, caution, and established norms, and tend to be skeptical of risky or unconventional choices.",83,[],[],"[0.03, 0.0, 0.03, 0.0, 0.0, 0.06, 0.17, 0.52, 0.44, 0.29, 0.38, 0.48, 0.57, 0.48, 0.5, 0.56, 0.72, 0.78, 0.82, 0.69, 0.61, 0.42, 0.19, 0.09]"
42,simobmd10,virtuose BMD,"فيديوهاتي ليست للشهرة بل للمتعة فقط
Instagram :  el_alaoui_53 You lean conservative in your political and social views, favoring low-risk choices and respect for established institutions and traditions.","TikTok user. Bio: فيديوهاتي ليست للشهرة بل للمتعة فقط
Instagram :  el_alaoui_53 You lean conservative in your political and social views, favoring low-risk choices and respect for established institutions and traditions.",42600,[],[],"[0.09, 0.1, 0.07, 0.06, 0.02, 0.07, 0.26, 0.54, 0.61, 0.72, 0.65, 0.85, 0.83, 0.77, 0.87, 0.87, 0.88, 0.9, 0.89, 0.78, 0.71, 0.56, 0.38, 0.19]"
43,1musictay,T.A.Y.,"T.A.Y. 
Stream my music below!
Follow my IG: _2damnpretty You hold politically conservative views: you value tradition, caution, and established norms, and tend to be skeptical of risky or unconventional choices.","TikTok user. Bio: T.A.Y. 
Stream my music below!
Follow my IG: _2damnpretty You hold politically conservative views: you value tradition, caution, and established norms, and tend to be skeptical of risky or unconventional choices.",14400,[],[],"[0.06, 0.06, 0.01, 0.02, 0.03, 0.14, 0.32, 0.5, 0.55, 0.72, 0.69, 0.83, 0.78, 0.76, 0.94, 0.87, 0.89, 0.88, 0.86, 0.83, 0.73, 0.65, 0.39, 0.25]"
44,hdpsoyyoxd,xd,"Lit killah mi varón :v 
Y ✨Litiago existe xd✨ You hold politically conservative views: you value tradition, caution, and established norms, and tend to be skeptical of risky or unconventional choices.","TikTok user. Bio: Lit killah mi varón :v 
Y ✨Litiago existe xd✨ You hold politically conservative views: you value tradition, caution, and established norms, and tend to be skeptical of risky or unconventional choices.",75,[],[],"[0.08, 0.0, 0.03, 0.0, 0.0, 0.06, 0.19, 0.49, 0.4, 0.32, 0.45, 0.5, 0.59, 0.46, 0.47, 0.65, 0.74, 0.84, 0.81, 0.67, 0.61, 0.36, 0.2, 0.14]"
45,dfzg242,👑🍁B. T. S.🍁👑,"😭Tik Tokគ្មានអ្នកLike😭
        😥នឹងFollo😥 Politically, you are conservative: you're cautious about change, prioritize personal responsibility, and prefer tried-and-tested approaches over experimentation.","TikTok user. Bio: 😭Tik Tokគ្មានអ្នកLike😭
        😥នឹងFollo😥 Politically, you are conservative: you're cautious about change, prioritize personal responsibility, and prefer tried-and-tested approaches over experimentation.",49,[],[],"[0.1, 0.02, 0.0, 0.0, 0.0, 0.05, 0.15, 0.47, 0.36, 0.31, 0.44, 0.52, 0.65, 0.5, 0.51, 0.58, 0.75, 0.82, 0.79, 0.68, 0.6, 0.36, 0.17, 0.1]"
46,lpo_tuv,عبودي كربلاء,"مادام احبكم حته لو تعوفوني ابقه احبكم You are politically conservative in outlook — you prefer stability and proven approaches over risky change, and you value personal responsibility and careful decision-making.","TikTok user. Bio: مادام احبكم حته لو تعوفوني ابقه احبكم You are politically conservative in outlook — you prefer stability and proven approaches over risky change, and you value personal responsibility and careful decision-making.",196,[],[],"[0.08, 0.03, 0.0, 0.04, 0.0, 0.09, 0.15, 0.49, 0.44, 0.3, 0.4, 0.46, 0.59, 0.52, 0.54, 0.58, 0.66, 0.83, 0.79, 0.71, 0.55, 0.38, 0.15, 0.09]"
47,lovewanda33,CGGGx1412,"No bio yet Politically, you are conservative: you're cautious about change, prioritize personal responsibility, and prefer tried-and-tested approaches over experimentation.","TikTok user. Bio: No bio yet Politically, you are conservative: you're cautious about change, prioritize personal responsibility, and prefer tried-and-tested approaches over experimentation.",4089,[],[],"[0.01, 0.07, 0.03, 0.0, 0.03, 0.08, 0.21, 0.49, 0.42, 0.27, 0.38, 0.45, 0.56, 0.48, 0.51, 0.58, 0.67, 0.84, 0.78, 0.68, 0.65, 0.36, 0.22, 0.05]"
48,thelaundryspot,The Laundry Spot,"Our journey buying a laundromat during a pandemic! You hold politically conservative views: you value tradition, caution, and established norms, and tend to be skeptical of risky or unconventional choices.","TikTok user. Bio: Our journey buying a laundromat during a pandemic! You hold politically conservative views: you value tradition, caution, and established norms, and tend to be skeptical of risky or unconventional choices.",217300,[],[],"[0.05, 0.09, 0.03, 0.03, 0.08, 0.08, 0.34, 0.49, 0.6, 0.69, 0.66, 0.76, 0.79, 0.82, 0.9, 0.91, 0.88, 0.9, 0.87, 0.79, 0.66, 0.55, 0.36, 0.17]"
49,blandine_ytb,Blandine 🩷,"Hi 🦋
ytb : BLANDINE
insta : blandine_ytb
snap : blandine149 You lean conservative in your political and social views, favoring low-risk choices and respect for established institutions and traditions.","TikTok user. Bio: Hi 🦋
ytb : BLANDINE
insta : blandine_ytb
snap : blandine149 You lean conservative in your political and social views, favoring low-risk choices and respect for established institutions and traditions.",45500,[],[],"[0.08, 0.02, 0.09, 0.09, 0.07, 0.11, 0.3, 0.47, 0.63, 0.74, 0.72, 0.8, 0.79, 0.83, 0.93, 0.87, 0.95, 0.86, 0.88, 0.78, 0.72, 0.62, 0.44, 0.21]"
50,lifesimmings200,LSDoesTikTok,"female
duets are open to nice people
Don't Like Me, Block Me You hold politically conservative views: you value tradition, caution, and established norms, and tend to be skeptical of risky or unconventional choices.","TikTok user. Bio: female
duets are open to nice people
Don't Like Me, Block Me You hold politically conservative views: you value tradition, caution, and established norms, and tend to be skeptical of risky or unconventional choices.",17600,[],[],"[0.1, 0.02, 0.03, 0.04, 0.04, 0.15, 0.29, 0.53, 0.63, 0.68, 0.68, 0.79, 0.76, 0.85, 0.94, 0.91, 0.88, 0.94, 0.92, 0.79, 0.7, 0.6, 0.44, 0.21]"
51,lyllistapper,Lylli,"yeet or be yeeted 

a recipe for not good

lylli@a3artistsagency.com You lean conservative in your political and social views, favoring low-risk choices and respect for established institutions and traditions.","TikTok user. Bio: yeet or be yeeted 

a recipe for not good

lylli@a3artistsagency.com You lean conservative in your political and social views, favoring low-risk choices and respect for established institutions and traditions.",2400000,[],[],"[0.12, 0.0, 0.03, 0.06, 0.03, 0.14, 0.27, 0.49, 0.61, 0.7, 0.67, 0.77, 0.81, 0.77, 0.89, 0.85, 0.88, 0.88, 0.89, 0.76, 0.73, 0.62, 0.41, 0.22]"
52,syedsmarts,Ⓢⓨⓔⓓ ⓢⓜⓐⓡⓣ,"🤔Nala payan😜
qatar boys🇧🇭 doha🇧🇭 You are politically conservative in outlook — you prefer stability and proven approaches over risky change, and you value personal responsibility and careful decision-making.","TikTok user. Bio: 🤔Nala payan😜
qatar boys🇧🇭 doha🇧🇭 You are politically conservative in outlook — you prefer stability and proven approaches over risky change, and you value personal responsibility and careful decision-making.",3122,[],[],"[0.08, 0.0, 0.0, 0.02, 0.0, 0.06, 0.16, 0.55, 0.45, 0.3, 0.41, 0.53, 0.63, 0.49, 0.53, 0.59, 0.74, 0.82, 0.79, 0.74, 0.59, 0.36, 0.18, 0.09]"
53,bamsbambi,Rubi,"Hairpage | ~ @sweetbambishair You are politically conservative in outlook — you prefer stability and proven approaches over risky change, and you value personal responsibility and careful decision-making.","TikTok user. Bio: Hairpage | ~ @sweetbambishair You are politically conservative in outlook — you prefer stability and proven approaches over risky change, and you value personal responsibility and careful decision-making.",9030,[],[],"[0.08, 0.03, 0.01, 0.0, 0.02, 0.05, 0.23, 0.48, 0.4, 0.28, 0.36, 0.48, 0.55, 0.49, 0.49, 0.61, 0.74, 0.77, 0.79, 0.72, 0.61, 0.41, 0.2, 0.11]"
54,dr.stov,dr.stov,"316🛫
Sc- dr.stov Politically, you are conservative: you're cautious about change, prioritize personal responsibility, and prefer tried-and-tested approaches over experimentation.","TikTok user. Bio: 316🛫
Sc- dr.stov Politically, you are conservative: you're cautious about change, prioritize personal responsibility, and prefer tried-and-tested approaches over experimentation.",9074,[],[],"[0.04, 0.01, 0.0, 0.01, 0.0, 0.1, 0.23, 0.53, 0.42, 0.25, 0.39, 0.49, 0.57, 0.53, 0.51, 0.64, 0.68, 0.78, 0.82, 0.75, 0.58, 0.37, 0.17, 0.07]"
55,viperajlx,Daniel’s Wife 🫂,"✨Female, 24 ✨
👾 Twitch Affiliate 👾
www.twitch.tv/viperajlx You are politically conservative in outlook — you prefer stability and proven approaches over risky change, and you value personal responsibility and careful decision-making.","TikTok user. Bio: ✨Female, 24 ✨
👾 Twitch Affiliate 👾
www.twitch.tv/viperajlx You are politically conservative in outlook — you prefer stability and proven approaches over risky change, and you value personal responsibility and careful decision-making.",457,[],[],"[0.01, 0.07, 0.01, 0.0, 0.01, 0.03, 0.24, 0.45, 0.36, 0.33, 0.36, 0.53, 0.55, 0.51, 0.53, 0.64, 0.75, 0.8, 0.79, 0.74, 0.59, 0.41, 0.15, 0.13]"
56,vavamah,@mahivava,"mahi.
23.6.1993
ഇടപ്പോൺകാരൻ 
fb. mahivava You are politically conservative in outlook — you prefer stability and proven approaches over risky change, and you value personal responsibility and careful decision-making.","TikTok user. Bio: mahi.
23.6.1993
ഇടപ്പോൺകാരൻ 
fb. mahivava You are politically conservative in outlook — you prefer stability and proven approaches over risky change, and you value personal responsibility and careful decision-making.",18100,[],[],"[0.15, 0.03, 0.07, 0.02, 0.04, 0.13, 0.27, 0.5, 0.64, 0.69, 0.68, 0.76, 0.83, 0.76, 0.91, 0.9, 0.93, 0.88, 0.89, 0.84, 0.72, 0.62, 0.35, 0.15]"
57,dead.flower_,Steph 🧚🏼‍♀️💜,"just for fun 
🇸🇻/🇭🇳 Politically, you are conservative: you're cautious about change, prioritize personal responsibility, and prefer tried-and-tested approaches over experimentation.","TikTok user. Bio: just for fun 
🇸🇻/🇭🇳 Politically, you are conservative: you're cautious about change, prioritize personal responsibility, and prefer tried-and-tested approaches over experimentation.",39900,[],[],"[0.06, 0.02, 0.04, 0.03, 0.06, 0.1, 0.33, 0.54, 0.6, 0.69, 0.66, 0.84, 0.79, 0.81, 0.87, 0.89, 0.9, 0.86, 0.94, 0.77, 0.74, 0.56, 0.45, 0.16]"
58,larosalia2002,larosalia2002,"insta larosalia2002 Politically, you are conservative: you're cautious about change, prioritize personal responsibility, and prefer tried-and-tested approaches over experimentation.","TikTok user. Bio: insta larosalia2002 Politically, you are conservative: you're cautious about change, prioritize personal responsibility, and prefer tried-and-tested approaches over experimentation.",180200,[],[],"[0.09, 0.05, 0.05, 0.01, 0.06, 0.08, 0.28, 0.49, 0.63, 0.75, 0.73, 0.79, 0.77, 0.8, 0.93, 0.88, 0.92, 0.88, 0.85, 0.84, 0.67, 0.58, 0.41, 0.21]"
59,d_e_s_i_c_h_o_r_a_,👑|_ᗪᗴՏI _ᑕᕼOᖇᗩ_|👑,"🙏JÁÝ MÁÁ MÒĢÀL🙏
🙏JÂÝ ĞØĞÁ🙏
👑ĶĪŃĞ ŐF ĐÂĻÍŤ👑
16 DECEMBER
😊 ŤÑX FØŘ §ÁPPÓŘŤ? You are politically conservative in outlook — you prefer stability and proven approaches over risky change, and you value personal responsibility and careful decision-making.","TikTok user. Bio: 🙏JÁÝ MÁÁ MÒĢÀL🙏
🙏JÂÝ ĞØĞÁ🙏
👑ĶĪŃĞ ŐF ĐÂĻÍŤ👑
16 DECEMBER
😊 ŤÑX FØŘ §ÁPPÓŘŤ? You are politically conservative in outlook — you prefer stability and proven approaches over risky change, and you value personal responsibility and careful decision-making.",7000,[],[],"[0.09, 0.0, 0.05, 0.0, 0.02, 0.03, 0.18, 0.51, 0.37, 0.31, 0.41, 0.49, 0.59, 0.5, 0.47, 0.56, 0.66, 0.8, 0.76, 0.68, 0.63, 0.38, 0.16, 0.13]"
60,x_dristawastaken_x,gaymer 🇺🇦,"november 8th 2020-may 6, 2022
they/she
capcut/funimate
340K LIKES BRO WHAT You are politically conservative in outlook — you prefer stability and proven approaches over risky change, and you value personal responsibility and careful decision-making.","TikTok user. Bio: november 8th 2020-may 6, 2022
they/she
capcut/funimate
340K LIKES BRO WHAT You are politically conservative in outlook — you prefer stability and proven approaches over risky change, and you value personal responsibility and careful decision-making.",10400,[],[],"[0.08, 0.02, 0.03, 0.07, 0.06, 0.09, 0.29, 0.45, 0.57, 0.66, 0.72, 0.84, 0.78, 0.85, 0.86, 0.9, 0.88, 0.87, 0.9, 0.81, 0.71, 0.56, 0.41, 0.23]"
61,skdladiesfashionwear,SKD ladies fashion wear,"clothing brand. 👗 👜
viber/9840069710 “call 9823628219""
@skd_ladies_fashion_wea Politically, you are conservative: you're cautious about change, prioritize personal responsibility, and prefer tried-and-tested approaches over experimentation.","TikTok user. Bio: clothing brand. 👗 👜
viber/9840069710 “call 9823628219""
@skd_ladies_fashion_wea Politically, you are conservative: you're cautious about change, prioritize personal responsibility, and prefer tried-and-tested approaches over experimentation.",709,[],[],"[0.08, 0.0, 0.05, 0.01, 0.06, 0.0, 0.24, 0.51, 0.38, 0.28, 0.36, 0.5, 0.64, 0.5, 0.5, 0.64, 0.72, 0.76, 0.75, 0.72, 0.62, 0.35, 0.2, 0.09]"
62,crimes4ranboo,😱,"was gay.ranboo.live 
thank you for 4,219 <3
they/them
ranboo my beloved <3 You lean conservative in your political and social views, favoring low-risk choices and respect for established institutions and traditions.","TikTok user. Bio: was gay.ranboo.live 
thank you for 4,219 <3
they/them
ranboo my beloved <3 You lean conservative in your political and social views, favoring low-risk choices and respect for established institutions and traditions.",4728,[],[],"[0.0, 0.02, 0.04, 0.0, 0.02, 0.03, 0.2, 0.47, 0.37, 0.35, 0.41, 0.45, 0.65, 0.52, 0.52, 0.59, 0.67, 0.85, 0.77, 0.65, 0.64, 0.44, 0.25, 0.11]"
63,andysuzukii,andysuzukii,"Instagram ♥️: @andysuzukii
🇪🇨 You hold politically conservative views: you value tradition, caution, and established norms, and tend to be skeptical of risky or unconventional choices.","TikTok user. Bio: Instagram ♥️: @andysuzukii
🇪🇨 You hold politically conservative views: you value tradition, caution, and established norms, and tend to be skeptical of risky or unconventional choices.",468700,[],[],"[0.11, 0.04, 0.0, 0.05, 0.02, 0.1, 0.28, 0.5, 0.6, 0.67, 0.66, 0.8, 0.83, 0.82, 0.94, 0.9, 0.91, 0.85, 0.94, 0.81, 0.74, 0.64, 0.42, 0.24]"
64,bylilibet,Lilibet,"Helping you be a gym baddie 💪
NASM CPT 🫵
EHPlabs athlete “LILIBET” 🔋 You hold politically conservative views: you value tradition, caution, and established norms, and tend to be skeptical of risky or unconventional choices.","TikTok user. Bio: Helping you be a gym baddie 💪
NASM CPT 🫵
EHPlabs athlete “LILIBET” 🔋 You hold politically conservative views: you value tradition, caution, and established norms, and tend to be skeptical of risky or unconventional choices.",68700,[],[],"[0.09, 0.06, 0.06, 0.04, 0.05, 0.08, 0.28, 0.48, 0.6, 0.69, 0.72, 0.8, 0.81, 0.77, 0.85, 0.87, 0.85, 0.91, 0.87, 0.79, 0.71, 0.55, 0.35, 0.19]"
65,brandyngrams,Brandy n Grams ❤️❤️😜,"Always entertaining
Cashapp $6667bdiddy You lean conservative in your political and social views, favoring low-risk choices and respect for established institutions and traditions.","TikTok user. Bio: Always entertaining
Cashapp $6667bdiddy You lean conservative in your political and social views, favoring low-risk choices and respect for established institutions and traditions.",80800,[],[],"[0.07, 0.0, 0.03, 0.02, 0.03, 0.07, 0.32, 0.53, 0.6, 0.67, 0.67, 0.8, 0.76, 0.81, 0.9, 0.92, 0.92, 0.87, 0.86, 0.84, 0.67, 0.56, 0.43, 0.16]"
66,bobemad.o,Bob Emad,"Bob hena 🇾🇪
تعالو كلكوً انستجرام bob.emad.0
100k soon ❤️❤️ You hold politically conservative views: you value tradition, caution, and established norms, and tend to be skeptical of risky or unconventional choices.","TikTok user. Bio: Bob hena 🇾🇪
تعالو كلكوً انستجرام bob.emad.0
100k soon ❤️❤️ You hold politically conservative views: you value tradition, caution, and established norms, and tend to be skeptical of risky or unconventional choices.",65800,[],[],"[0.07, 0.01, 0.04, 0.07, 0.02, 0.08, 0.33, 0.51, 0.6, 0.7, 0.66, 0.83, 0.78, 0.75, 0.92, 0.94, 0.9, 0.9, 0.92, 0.81, 0.69, 0.55, 0.37, 0.24]"
67,pipilovepink,pipilovepink,"twitch配信者🎀インスタ→(@pipilovepink)もtiktokもフォローしてくれたら嬉しいです❤︎ Politically, you are conservative: you're cautious about change, prioritize personal responsibility, and prefer tried-and-tested approaches over experimentation.","TikTok user. Bio: twitch配信者🎀インスタ→(@pipilovepink)もtiktokもフォローしてくれたら嬉しいです❤︎ Politically, you are conservative: you're cautious about change, prioritize personal responsibility, and prefer tried-and-tested approaches over experimentation.",60200,[],[],"[0.1, 0.09, 0.07, 0.03, 0.01, 0.09, 0.27, 0.54, 0.62, 0.65, 0.73, 0.81, 0.78, 0.78, 0.87, 0.89, 0.88, 0.85, 0.89, 0.79, 0.65, 0.65, 0.39, 0.2]"
68,albertbarrientos3,ALBERT 🇵🇭,"🇵🇭 Politically, you are conservative: you're cautious about change, prioritize personal responsibility, and prefer tried-and-tested approaches over experimentation.","TikTok user. Bio: 🇵🇭 Politically, you are conservative: you're cautious about change, prioritize personal responsibility, and prefer tried-and-tested approaches over experimentation.",24200,[],[],"[0.62, 0.74, 0.73, 0.83, 0.85, 0.8, 0.9, 0.95, 0.93, 0.91, 0.87, 0.77, 0.65, 0.57, 0.4, 0.22, 0.08, 0.0, 0.06, 0.01, 0.06, 0.08, 0.33, 0.46]"
69,michallaxoxo,MichallaXoXo,"Spreading smiles is beautiful 😁
*.*~25~*.* You lean conservative in your political and social views, favoring low-risk choices and respect for established institutions and traditions.","TikTok user. Bio: Spreading smiles is beautiful 😁
*.*~25~*.* You lean conservative in your political and social views, favoring low-risk choices and respect for established institutions and traditions.",38900,[],[],"[0.08, 0.08, 0.04, 0.08, 0.06, 0.08, 0.26, 0.46, 0.62, 0.72, 0.72, 0.83, 0.76, 0.78, 0.92, 0.88, 0.9, 0.87, 0.88, 0.8, 0.7, 0.58, 0.38, 0.22]"
70,sukhpalc1,Sukhpal cheema,"Facebook - Sukhpal cheema You lean conservative in your political and social views, favoring low-risk choices and respect for established institutions and traditions.","TikTok user. Bio: Facebook - Sukhpal cheema You lean conservative in your political and social views, favoring low-risk choices and respect for established institutions and traditions.",11300,[],[],"[0.14, 0.09, 0.06, 0.09, 0.03, 0.06, 0.34, 0.49, 0.6, 0.7, 0.69, 0.78, 0.81, 0.78, 0.85, 0.92, 0.87, 0.87, 0.92, 0.76, 0.68, 0.64, 0.45, 0.25]"
71,nwr179,9wn,"لقى Politically, you are conservative: you're cautious about change, prioritize personal responsibility, and prefer tried-and-tested approaches over experimentation.","TikTok user. Bio: لقى Politically, you are conservative: you're cautious about change, prioritize personal responsibility, and prefer tried-and-tested approaches over experimentation.",94,[],[],"[0.02, 0.01, 0.04, 0.0, 0.05, 0.08, 0.22, 0.55, 0.43, 0.27, 0.38, 0.52, 0.56, 0.51, 0.46, 0.64, 0.67, 0.85, 0.83, 0.69, 0.58, 0.39, 0.21, 0.08]"
72,gneaxb_788,ايمي,"نهاية حلوة لبداية جديدة You hold politically conservative views: you value tradition, caution, and established norms, and tend to be skeptical of risky or unconventional choices.","TikTok user. Bio: نهاية حلوة لبداية جديدة You hold politically conservative views: you value tradition, caution, and established norms, and tend to be skeptical of risky or unconventional choices.",201,[],[],"[0.01, 0.04, 0.01, 0.0, 0.0, 0.06, 0.22, 0.47, 0.36, 0.3, 0.39, 0.54, 0.59, 0.47, 0.49, 0.61, 0.71, 0.83, 0.81, 0.71, 0.59, 0.37, 0.22, 0.09]"
73,sivapavi36,siv@,"hii You lean conservative in your political and social views, favoring low-risk choices and respect for established institutions and traditions.","TikTok user. Bio: hii You lean conservative in your political and social views, favoring low-risk choices and respect for established institutions and traditions.",568,[],[],"[0.06, 0.02, 0.01, 0.02, 0.01, 0.02, 0.17, 0.51, 0.43, 0.28, 0.39, 0.51, 0.57, 0.54, 0.47, 0.61, 0.68, 0.84, 0.84, 0.66, 0.65, 0.35, 0.15, 0.1]"
74,sitiomusical,SITIO MUSICAL,"SITIO MUSICAL, EL PORTAL DE TODOS LOS GÉNEROS 🇨🇴 CEO : GENIS VERGEL You lean conservative in your political and social views, favoring low-risk choices and respect for established institutions and traditions.","TikTok user. Bio: SITIO MUSICAL, EL PORTAL DE TODOS LOS GÉNEROS 🇨🇴 CEO : GENIS VERGEL You lean conservative in your political and social views, favoring low-risk choices and respect for established institutions and traditions.",106800,[],[],"[0.07, 0.08, 0.09, 0.03, 0.02, 0.13, 0.32, 0.52, 0.62, 0.66, 0.74, 0.8, 0.76, 0.76, 0.88, 0.85, 0.92, 0.86, 0.89, 0.83, 0.65, 0.6, 0.43, 0.23]"
75,tot_t893,نۣۗہوۣشۣۗہهۣۗہ 🍁❀,"كون كل شمس الايسططيع احد الوصول اليه💥💎 You hold politically conservative views: you value tradition, caution, and established norms, and tend to be skeptical of risky or unconventional choices.","TikTok user. Bio: كون كل شمس الايسططيع احد الوصول اليه💥💎 You hold politically conservative views: you value tradition, caution, and established norms, and tend to be skeptical of risky or unconventional choices.",3775,[],[],"[0.06, 0.0, 0.05, 0.05, 0.03, 0.05, 0.17, 0.51, 0.39, 0.34, 0.41, 0.52, 0.64, 0.52, 0.47, 0.58, 0.67, 0.76, 0.77, 0.72, 0.65, 0.36, 0.17, 0.08]"
76,seanyforreal,Sean Dhondt,"TV host for VTM 🇧🇪
Radio host @ Qmusic
👇MY NEW SONG ‘GUCCI CHAMPAGNE’🥂☀️ You are politically conservative in outlook — you prefer stability and proven approaches over risky change, and you value personal responsibility and careful decision-making.","TikTok user. Bio: TV host for VTM 🇧🇪
Radio host @ Qmusic
👇MY NEW SONG ‘GUCCI CHAMPAGNE’🥂☀️ You are politically conservative in outlook — you prefer stability and proven approaches over risky change, and you value personal responsibility and careful decision-making.",90600,[],[],"[0.08, 0.08, 0.03, 0.02, 0.01, 0.15, 0.34, 0.54, 0.56, 0.73, 0.74, 0.77, 0.82, 0.79, 0.93, 0.94, 0.87, 0.93, 0.89, 0.85, 0.72, 0.61, 0.43, 0.2]"
77,mrskarib,MrsKariB,"Hi 👋 I’m Kari
The mom of 4 teens…
💌 karib@sunandskyentertainment.com Politically, you are conservative: you're cautious about change, prioritize personal responsibility, and prefer tried-and-tested approaches over experimentation.","TikTok user. Bio: Hi 👋 I’m Kari
The mom of 4 teens…
💌 karib@sunandskyentertainment.com Politically, you are conservative: you're cautious about change, prioritize personal responsibility, and prefer tried-and-tested approaches over experimentation.",1300000,[],[],"[0.14, 0.06, 0.08, 0.01, 0.01, 0.13, 0.28, 0.5, 0.57, 0.7, 0.69, 0.82, 0.83, 0.81, 0.88, 0.88, 0.92, 0.89, 0.86, 0.82, 0.7, 0.57, 0.35, 0.18]"
78,billa.0039,0039,"Laugh with many dont Trust Any🔥 You are politically conservative in outlook — you prefer stability and proven approaches over risky change, and you value personal responsibility and careful decision-making.","TikTok user. Bio: Laugh with many dont Trust Any🔥 You are politically conservative in outlook — you prefer stability and proven approaches over risky change, and you value personal responsibility and careful decision-making.",10300,[],[],"[0.81, 0.67, 0.64, 0.39, 0.17, 0.05, 0.07, 0.08, 0.08, 0.1, 0.09, 0.33, 0.47, 0.56, 0.7, 0.72, 0.84, 0.82, 0.77, 0.9, 0.92, 0.88, 0.94, 0.94]"
79,nbeil10,نبيل الشمري,"الماله يمك مصلحه يكطع وياك السلام Politically, you are conservative: you're cautious about change, prioritize personal responsibility, and prefer tried-and-tested approaches over experimentation.","TikTok user. Bio: الماله يمك مصلحه يكطع وياك السلام Politically, you are conservative: you're cautious about change, prioritize personal responsibility, and prefer tried-and-tested approaches over experimentation.",193,[],[],"[0.05, 0.02, 0.01, 0.0, 0.04, 0.03, 0.23, 0.53, 0.35, 0.27, 0.42, 0.53, 0.63, 0.5, 0.51, 0.6, 0.68, 0.77, 0.78, 0.68, 0.57, 0.39, 0.2, 0.05]"
80,nea._nea._,Nea,"Instagram- Neagucci Politically, you are conservative: you're cautious about change, prioritize personal responsibility, and prefer tried-and-tested approaches over experimentation.","TikTok user. Bio: Instagram- Neagucci Politically, you are conservative: you're cautious about change, prioritize personal responsibility, and prefer tried-and-tested approaches over experimentation.",243,[],[],"[0.05, 0.04, 0.0, 0.03, 0.05, 0.07, 0.17, 0.48, 0.38, 0.26, 0.45, 0.46, 0.58, 0.5, 0.53, 0.57, 0.73, 0.79, 0.83, 0.65, 0.62, 0.38, 0.18, 0.09]"
81,ndjfjgkdfkgfcefgtfrfrf_3,Bomgik VALERA.,"Бомжик в деле Politically, you are conservative: you're cautious about change, prioritize personal responsibility, and prefer tried-and-tested approaches over experimentation.","TikTok user. Bio: Бомжик в деле Politically, you are conservative: you're cautious about change, prioritize personal responsibility, and prefer tried-and-tested approaches over experimentation.",342,[],[],"[0.04, 0.0, 0.05, 0.05, 0.04, 0.01, 0.17, 0.5, 0.36, 0.33, 0.39, 0.49, 0.63, 0.51, 0.47, 0.6, 0.66, 0.79, 0.8, 0.72, 0.65, 0.41, 0.19, 0.14]"
82,wissam_albokai,وسام 💎,"👽Subscribe my YouTube channel 👽
🪬 Politically, you are conservative: you're cautious about change, prioritize personal responsibility, and prefer tried-and-tested approaches over experimentation.","TikTok user. Bio: 👽Subscribe my YouTube channel 👽
🪬 Politically, you are conservative: you're cautious about change, prioritize personal responsibility, and prefer tried-and-tested approaches over experimentation.",911000,[],[],"[0.08, 0.06, 0.06, 0.08, 0.05, 0.15, 0.35, 0.53, 0.57, 0.66, 0.71, 0.81, 0.81, 0.85, 0.88, 0.93, 0.92, 0.9, 0.86, 0.76, 0.74, 0.61, 0.36, 0.18]"
83,user594924259710,thet,"မပြည့်စုံတဲ့ဘဝကိုပိုင်ဆိုင်ထားတယ်😒😇 You lean conservative in your political and social views, favoring low-risk choices and respect for established institutions and traditions.","TikTok user. Bio: မပြည့်စုံတဲ့ဘဝကိုပိုင်ဆိုင်ထားတယ်😒😇 You lean conservative in your political and social views, favoring low-risk choices and respect for established institutions and traditions.",3295,[],[],"[0.03, 0.04, 0.03, 0.04, 0.04, 0.04, 0.19, 0.52, 0.38, 0.28, 0.41, 0.45, 0.59, 0.53, 0.5, 0.56, 0.69, 0.83, 0.78, 0.74, 0.57, 0.35, 0.17, 0.12]"
84,user582gf34ov5,جيمي المنسي,"جيمي منسي You lean conservative in your political and social views, favoring low-risk choices and respect for established institutions and traditions.","TikTok user. Bio: جيمي منسي You lean conservative in your political and social views, favoring low-risk choices and respect for established institutions and traditions.",151,[],[],"[0.0, 0.01, 0.0, 0.02, 0.06, 0.01, 0.17, 0.48, 0.39, 0.26, 0.38, 0.5, 0.65, 0.48, 0.52, 0.6, 0.74, 0.84, 0.84, 0.66, 0.61, 0.37, 0.16, 0.15]"
85,0ll5eee,• عـَمـوريَ 💙₎⇣˝,"حلمي 10k🙄🤲
انستاا. 0ll5ee You lean conservative in your political and social views, favoring low-risk choices and respect for established institutions and traditions.","TikTok user. Bio: حلمي 10k🙄🤲
انستاا. 0ll5ee You lean conservative in your political and social views, favoring low-risk choices and respect for established institutions and traditions.",91,[],[],"[0.06, 0.02, 0.0, 0.03, 0.0, 0.05, 0.19, 0.49, 0.42, 0.31, 0.44, 0.47, 0.59, 0.54, 0.47, 0.57, 0.68, 0.8, 0.78, 0.65, 0.59, 0.42, 0.23, 0.08]"
86,0qqh1,AHMED🌝💖,"💗💖🤍 〆 You hold politically conservative views: you value tradition, caution, and established norms, and tend to be skeptical of risky or unconventional choices.","TikTok user. Bio: 💗💖🤍 〆 You hold politically conservative views: you value tradition, caution, and established norms, and tend to be skeptical of risky or unconventional choices.",14,[],[],"[0.02, 0.0, 0.0, 0.04, 0.0, 0.07, 0.21, 0.49, 0.44, 0.3, 0.38, 0.53, 0.63, 0.53, 0.53, 0.56, 0.68, 0.77, 0.79, 0.74, 0.58, 0.42, 0.24, 0.08]"
87,noopur.biswas84gm,noopur.biswas84gmail,"Instagram @havecouragetobeyou
fbpg https://www.facebook.com/Noopur-Singh-Saatwat You lean conservative in your political and social views, favoring low-risk choices and respect for established institutions and traditions.","TikTok user. Bio: Instagram @havecouragetobeyou
fbpg https://www.facebook.com/Noopur-Singh-Saatwat You lean conservative in your political and social views, favoring low-risk choices and respect for established institutions and traditions.",96700,[],[],"[0.12, 0.1, 0.1, 0.01, 0.02, 0.14, 0.3, 0.52, 0.64, 0.71, 0.72, 0.78, 0.77, 0.79, 0.89, 0.93, 0.88, 0.88, 0.95, 0.76, 0.69, 0.59, 0.36, 0.17]"
88,kaylahsuzannepage,Kaylah,"Aussie 🇦🇺  
FOLLOW ME ON INSTA - kaysuzanne_
Mumma to Bella🦋 You hold politically conservative views: you value tradition, caution, and established norms, and tend to be skeptical of risky or unconventional choices.","TikTok user. Bio: Aussie 🇦🇺  
FOLLOW ME ON INSTA - kaysuzanne_
Mumma to Bella🦋 You hold politically conservative views: you value tradition, caution, and established norms, and tend to be skeptical of risky or unconventional choices.",25900,[],[],"[0.74, 0.75, 0.76, 0.84, 0.9, 0.94, 0.88, 0.89, 0.91, 0.76, 0.73, 0.58, 0.41, 0.15, 0.11, 0.05, 0.05, 0.09, 0.07, 0.12, 0.32, 0.47, 0.57, 0.7]"
89,sydneypaschall,Sydney Paschall,"22 Politically, you are conservative: you're cautious about change, prioritize personal responsibility, and prefer tried-and-tested approaches over experimentation.","TikTok user. Bio: 22 Politically, you are conservative: you're cautious about change, prioritize personal responsibility, and prefer tried-and-tested approaches over experimentation.",5232,[],[],"[0.05, 0.0, 0.0, 0.0, 0.02, 0.0, 0.17, 0.5, 0.36, 0.29, 0.44, 0.49, 0.56, 0.52, 0.46, 0.59, 0.72, 0.76, 0.83, 0.66, 0.61, 0.36, 0.2, 0.14]"
90,improvvlove,вдовьи плети,"‼️лайкнешь больше 4 видео - блок‼️
-скажите 300-
-отсоси у карикатуриста- Politically, you are conservative: you're cautious about change, prioritize personal responsibility, and prefer tried-and-tested approaches over experimentation.","TikTok user. Bio: ‼️лайкнешь больше 4 видео - блок‼️
-скажите 300-
-отсоси у карикатуриста- Politically, you are conservative: you're cautious about change, prioritize personal responsibility, and prefer tried-and-tested approaches over experimentation.",15100,[],[],"[0.07, 0.02, 0.1, 0.09, 0.02, 0.08, 0.28, 0.51, 0.58, 0.71, 0.71, 0.81, 0.79, 0.78, 0.87, 0.91, 0.93, 0.9, 0.92, 0.83, 0.71, 0.59, 0.36, 0.23]"
91,bs_935,FREE FIRE,"🤙начинающий тик токер🤙
      💣по фри фаеру💣 You lean conservative in your political and social views, favoring low-risk choices and respect for established institutions and traditions.","TikTok user. Bio: 🤙начинающий тик токер🤙
      💣по фри фаеру💣 You lean conservative in your political and social views, favoring low-risk choices and respect for established institutions and traditions.",92,[],[],"[0.02, 0.0, 0.0, 0.0, 0.0, 0.07, 0.22, 0.5, 0.44, 0.31, 0.45, 0.46, 0.58, 0.48, 0.52, 0.64, 0.66, 0.76, 0.81, 0.72, 0.55, 0.39, 0.19, 0.06]"
92,bs_495,bs_494,"подписываюсь только на подписчиков You lean conservative in your political and social views, favoring low-risk choices and respect for established institutions and traditions.","TikTok user. Bio: подписываюсь только на подписчиков You lean conservative in your political and social views, favoring low-risk choices and respect for established institutions and traditions.",51,[],[],"[0.09, 0.05, 0.0, 0.01, 0.0, 0.09, 0.19, 0.5, 0.39, 0.34, 0.42, 0.53, 0.58, 0.53, 0.49, 0.58, 0.69, 0.83, 0.84, 0.72, 0.63, 0.44, 0.17, 0.09]"
93,er.graciee,Graciela 🦋,"• espinalgraciela@gmail.com 💌
Sharing my style ✨ You are politically conservative in outlook — you prefer stability and proven approaches over risky change, and you value personal responsibility and careful decision-making.","TikTok user. Bio: • espinalgraciela@gmail.com 💌
Sharing my style ✨ You are politically conservative in outlook — you prefer stability and proven approaches over risky change, and you value personal responsibility and careful decision-making.",11500,[],[],"[0.11, 0.07, 0.03, 0.1, 0.05, 0.12, 0.35, 0.53, 0.6, 0.72, 0.67, 0.79, 0.83, 0.79, 0.9, 0.92, 0.87, 0.86, 0.91, 0.81, 0.74, 0.56, 0.41, 0.19]"
94,awanzada410,👑حنظلہ اعوان👑,"پیار سے بھرے سپنوں کی کتاب ہو تم💞
رشتوں کے پھولوں میں کھلتا گلاب ہو تم💞H😘S Politically, you are conservative: you're cautious about change, prioritize personal responsibility, and prefer tried-and-tested approaches over experimentation.","TikTok user. Bio: پیار سے بھرے سپنوں کی کتاب ہو تم💞
رشتوں کے پھولوں میں کھلتا گلاب ہو تم💞H😘S Politically, you are conservative: you're cautious about change, prioritize personal responsibility, and prefer tried-and-tested approaches over experimentation.",775,[],[],"[0.07, 0.03, 0.03, 0.0, 0.01, 0.04, 0.2, 0.46, 0.45, 0.3, 0.45, 0.48, 0.63, 0.48, 0.48, 0.63, 0.68, 0.85, 0.75, 0.7, 0.62, 0.38, 0.16, 0.11]"
95,avwxyzc,avwxyzc,"23
Michoacán🇲🇽 You lean conservative in your political and social views, favoring low-risk choices and respect for established institutions and traditions.","TikTok user. Bio: 23
Michoacán🇲🇽 You lean conservative in your political and social views, favoring low-risk choices and respect for established institutions and traditions.",169,[],[],"[0.83, 0.69, 0.57, 0.4, 0.18, 0.06, 0.02, 0.0, 0.05, 0.03, 0.01, 0.09, 0.22, 0.5, 0.43, 0.35, 0.4, 0.55, 0.6, 0.5, 0.48, 0.65, 0.68, 0.79]"
96,ndangoo,Ast✨,"✨✨✨✨✨
Klik link nya You hold politically conservative views: you value tradition, caution, and established norms, and tend to be skeptical of risky or unconventional choices.","TikTok user. Bio: ✨✨✨✨✨
Klik link nya You hold politically conservative views: you value tradition, caution, and established norms, and tend to be skeptical of risky or unconventional choices.",55900,[],[],"[0.84, 0.72, 0.65, 0.41, 0.22, 0.07, 0.09, 0.08, 0.09, 0.07, 0.06, 0.26, 0.51, 0.61, 0.65, 0.68, 0.78, 0.8, 0.78, 0.88, 0.86, 0.85, 0.89, 0.92]"
97,user46obyhbn3o,фнаф,"CAPCUP You lean conservative in your political and social views, favoring low-risk choices and respect for established institutions and traditions.","TikTok user. Bio: CAPCUP You lean conservative in your political and social views, favoring low-risk choices and respect for established institutions and traditions.",231,[],[],"[0.08, 0.07, 0.0, 0.0, 0.04, 0.03, 0.25, 0.54, 0.37, 0.28, 0.37, 0.48, 0.58, 0.54, 0.46, 0.57, 0.67, 0.76, 0.79, 0.68, 0.56, 0.43, 0.21, 0.11]"
98,ica_poetry.reaal,Ica Poetry,"Akun Real Ica ya
SPIN JACKPOT 9999 DIAMOND GRATIS LINK DI BAWAH
 👇👇👇👇👇 You lean conservative in your political and social views, favoring low-risk choices and respect for established institutions and traditions.","TikTok user. Bio: Akun Real Ica ya
SPIN JACKPOT 9999 DIAMOND GRATIS LINK DI BAWAH
 👇👇👇👇👇 You lean conservative in your political and social views, favoring low-risk choices and respect for established institutions and traditions.",8848,[],[],"[0.07, 0.03, 0.0, 0.04, 0.01, 0.01, 0.19, 0.49, 0.38, 0.26, 0.39, 0.49, 0.64, 0.48, 0.53, 0.65, 0.69, 0.82, 0.85, 0.69, 0.62, 0.38, 0.25, 0.12]"
99,dyer2uxsx2np,محمد كمال,"محمد كمال You are politically conservative in outlook — you prefer stability and proven approaches over risky change, and you value personal responsibility and careful decision-making.","TikTok user. Bio: محمد كمال You are politically conservative in outlook — you prefer stability and proven approaches over risky change, and you value personal responsibility and careful decision-making.",3800,[],[],"[0.07, 0.02, 0.04, 0.0, 0.04, 0.06, 0.18, 0.45, 0.45, 0.25, 0.43, 0.52, 0.59, 0.5, 0.54, 0.59, 0.75, 0.8, 0.76, 0.73, 0.57, 0.41, 0.18, 0.13]"
100,nayacce0712,SIBIRU🕊️,"*mungkin redha itu pahit*
*TERENGGANU* You hold politically conservative views: you value tradition, caution, and established norms, and tend to be skeptical of risky or unconventional choices.","TikTok user. Bio: *mungkin redha itu pahit*
*TERENGGANU* You hold politically conservative views: you value tradition, caution, and established norms, and tend to be skeptical of risky or unconventional choices.",7149,[],[],"[0.05, 0.0, 0.0, 0.04, 0.0, 0.01, 0.22, 0.53, 0.36, 0.31, 0.44, 0.47, 0.57, 0.46, 0.47, 0.65, 0.73, 0.77, 0.83, 0.68, 0.59, 0.44, 0.23, 0.08]"
101,dnginfluencers,D&G Influencers,"Influencer Management Agency 💓 Politically, you are conservative: you're cautious about change, prioritize personal responsibility, and prefer tried-and-tested approaches over experimentation.","TikTok user. Bio: Influencer Management Agency 💓 Politically, you are conservative: you're cautious about change, prioritize personal responsibility, and prefer tried-and-tested approaches over experimentation.",2043,[],[],"[0.05, 0.03, 0.0, 0.0, 0.03, 0.08, 0.18, 0.54, 0.42, 0.27, 0.41, 0.49, 0.57, 0.53, 0.55, 0.57, 0.66, 0.81, 0.82, 0.68, 0.62, 0.4, 0.15, 0.06]"
102,maggievillamaria,Maggie Villamaria,"NYC FASHION + ARTIST + JEWELRY DESIGNER
maggievillamariamgmt@gmail.com
MY FITS⬇️ You hold politically conservative views: you value tradition, caution, and established norms, and tend to be skeptical of risky or unconventional choices.","TikTok user. Bio: NYC FASHION + ARTIST + JEWELRY DESIGNER
maggievillamariamgmt@gmail.com
MY FITS⬇️ You hold politically conservative views: you value tradition, caution, and established norms, and tend to be skeptical of risky or unconventional choices.",12800,[],[],"[0.76, 0.71, 0.55, 0.41, 0.23, 0.11, 0.07, 0.03, 0.07, 0.06, 0.13, 0.27, 0.48, 0.59, 0.7, 0.7, 0.84, 0.77, 0.79, 0.93, 0.88, 0.9, 0.88, 0.86]"
103,alfredinho.alfred,Alfredinho,"Um chihuahua feliz e cheio de caras e bocas.
Made in Pernambuco 🇧🇷 Politically, you are conservative: you're cautious about change, prioritize personal responsibility, and prefer tried-and-tested approaches over experimentation.","TikTok user. Bio: Um chihuahua feliz e cheio de caras e bocas.
Made in Pernambuco 🇧🇷 Politically, you are conservative: you're cautious about change, prioritize personal responsibility, and prefer tried-and-tested approaches over experimentation.",65700,[],[],"[0.61, 0.39, 0.21, 0.09, 0.02, 0.02, 0.08, 0.06, 0.1, 0.33, 0.53, 0.58, 0.67, 0.69, 0.84, 0.82, 0.81, 0.92, 0.85, 0.88, 0.89, 0.9, 0.84, 0.73]"
104,gr00vy_gr00v3,☆🐺Jess🐺☆,"INTP-T
⁉️KNY||DSAF||FNAF‼️ You are politically conservative in outlook — you prefer stability and proven approaches over risky change, and you value personal responsibility and careful decision-making.","TikTok user. Bio: INTP-T
⁉️KNY||DSAF||FNAF‼️ You are politically conservative in outlook — you prefer stability and proven approaches over risky change, and you value personal responsibility and careful decision-making.",1160,[],[],"[0.73, 0.56, 0.42, 0.22, 0.12, 0.01, 0.0, 0.04, 0.0, 0.0, 0.08, 0.19, 0.55, 0.4, 0.32, 0.41, 0.45, 0.58, 0.53, 0.49, 0.57, 0.69, 0.84, 0.77]"
105,soso_adlb_12,بنت ادلب💚,"الَمزاجية .. لعنة الجميلات🧚‍♀️💃 You hold politically conservative views: you value tradition, caution, and established norms, and tend to be skeptical of risky or unconventional choices.","TikTok user. Bio: الَمزاجية .. لعنة الجميلات🧚‍♀️💃 You hold politically conservative views: you value tradition, caution, and established norms, and tend to be skeptical of risky or unconventional choices.",610,[],[],"[0.01, 0.0, 0.05, 0.0, 0.01, 0.01, 0.18, 0.45, 0.4, 0.34, 0.41, 0.47, 0.58, 0.46, 0.5, 0.6, 0.73, 0.82, 0.81, 0.69, 0.6, 0.37, 0.17, 0.06]"
106,berfinvdz2,Berfinvdz,"Yedekten takipte ❤️🧚‍♀️ 7vb,2yb,1y,filiz 1vb You lean conservative in your political and social views, favoring low-risk choices and respect for established institutions and traditions.","TikTok user. Bio: Yedekten takipte ❤️🧚‍♀️ 7vb,2yb,1y,filiz 1vb You lean conservative in your political and social views, favoring low-risk choices and respect for established institutions and traditions.",1089,[],[],"[0.0, 0.07, 0.0, 0.02, 0.05, 0.07, 0.25, 0.54, 0.44, 0.34, 0.39, 0.47, 0.63, 0.54, 0.45, 0.56, 0.67, 0.75, 0.8, 0.73, 0.6, 0.37, 0.19, 0.11]"
107,v..b9,بو سعيد 🥺,"سيرفر CFW You lean conservative in your political and social views, favoring low-risk choices and respect for established institutions and traditions.","TikTok user. Bio: سيرفر CFW You lean conservative in your political and social views, favoring low-risk choices and respect for established institutions and traditions.",4983,[],[],"[0.02, 0.05, 0.02, 0.0, 0.0, 0.02, 0.18, 0.45, 0.37, 0.31, 0.45, 0.52, 0.62, 0.47, 0.5, 0.57, 0.73, 0.83, 0.76, 0.74, 0.56, 0.4, 0.16, 0.1]"
108,v.elenai,Елена,"переходи по ссылке Politically, you are conservative: you're cautious about change, prioritize personal responsibility, and prefer tried-and-tested approaches over experimentation.","TikTok user. Bio: переходи по ссылке Politically, you are conservative: you're cautious about change, prioritize personal responsibility, and prefer tried-and-tested approaches over experimentation.",313,[],[],"[0.02, 0.0, 0.02, 0.0, 0.03, 0.07, 0.24, 0.46, 0.41, 0.26, 0.38, 0.5, 0.64, 0.5, 0.45, 0.62, 0.75, 0.77, 0.81, 0.72, 0.58, 0.36, 0.22, 0.06]"
109,valeria454o,Tik Tok,"Jequiti You lean conservative in your political and social views, favoring low-risk choices and respect for established institutions and traditions.","TikTok user. Bio: Jequiti You lean conservative in your political and social views, favoring low-risk choices and respect for established institutions and traditions.",5576,[],[],"[0.06, 0.02, 0.03, 0.0, 0.04, 0.07, 0.19, 0.55, 0.36, 0.29, 0.36, 0.48, 0.65, 0.54, 0.5, 0.64, 0.68, 0.81, 0.8, 0.65, 0.64, 0.38, 0.23, 0.05]"
110,fe5ro5ty,امي وابي اغلي حاجة في الدنيا,"ربنا يخلي عائلتي 😍 You hold politically conservative views: you value tradition, caution, and established norms, and tend to be skeptical of risky or unconventional choices.","TikTok user. Bio: ربنا يخلي عائلتي 😍 You hold politically conservative views: you value tradition, caution, and established norms, and tend to be skeptical of risky or unconventional choices.",10,[],[],"[0.01, 0.04, 0.0, 0.02, 0.03, 0.07, 0.25, 0.51, 0.4, 0.26, 0.39, 0.48, 0.56, 0.45, 0.49, 0.6, 0.65, 0.81, 0.76, 0.69, 0.58, 0.43, 0.21, 0.09]"
111,highsnobiety,highsnobiety,"Welcome to #SnobTok, your go-to place for all things fashion & streetwear 😈 You hold politically conservative views: you value tradition, caution, and established norms, and tend to be skeptical of risky or unconventional choices.","TikTok user. Bio: Welcome to #SnobTok, your go-to place for all things fashion & streetwear 😈 You hold politically conservative views: you value tradition, caution, and established norms, and tend to be skeptical of risky or unconventional choices.",840900,[],[],"[0.11, 0.02, 0.04, 0.08, 0.03, 0.06, 0.25, 0.49, 0.57, 0.68, 0.75, 0.77, 0.76, 0.82, 0.91, 0.88, 0.9, 0.86, 0.86, 0.84, 0.73, 0.63, 0.43, 0.25]"
112,zara_kabirrr,zara:),"22 | dtx
🤎 You hold politically conservative views: you value tradition, caution, and established norms, and tend to be skeptical of risky or unconventional choices.","TikTok user. Bio: 22 | dtx
🤎 You hold politically conservative views: you value tradition, caution, and established norms, and tend to be skeptical of risky or unconventional choices.",20700,[],[],"[0.09, 0.06, 0.1, 0.01, 0.08, 0.13, 0.26, 0.53, 0.64, 0.72, 0.65, 0.85, 0.78, 0.76, 0.89, 0.85, 0.92, 0.95, 0.93, 0.78, 0.69, 0.63, 0.36, 0.2]"
113,aaronisaacyo,Aaron Isaac 👑,"Aaronisaacmgmt@gmail.com
Travelling the country in a car 🚗 You are politically conservative in outlook — you prefer stability and proven approaches over risky change, and you value personal responsibility and careful decision-making.","TikTok user. Bio: Aaronisaacmgmt@gmail.com
Travelling the country in a car 🚗 You are politically conservative in outlook — you prefer stability and proven approaches over risky change, and you value personal responsibility and careful decision-making.",143000,[],[],"[0.14, 0.01, 0.09, 0.04, 0.01, 0.11, 0.33, 0.49, 0.62, 0.72, 0.72, 0.83, 0.81, 0.85, 0.86, 0.93, 0.93, 0.88, 0.93, 0.8, 0.7, 0.56, 0.44, 0.22]"
114,ledonbk,LedonBk,"My last attempt At Tik tok lol 
🗽Brooklyn Boy 

https://hoo.be/ledon You lean conservative in your political and social views, favoring low-risk choices and respect for established institutions and traditions.","TikTok user. Bio: My last attempt At Tik tok lol 
🗽Brooklyn Boy 

https://hoo.be/ledon You lean conservative in your political and social views, favoring low-risk choices and respect for established institutions and traditions.",1140,[],[],"[0.02, 0.06, 0.05, 0.01, 0.04, 0.04, 0.16, 0.5, 0.42, 0.27, 0.38, 0.48, 0.61, 0.46, 0.46, 0.62, 0.69, 0.77, 0.84, 0.67, 0.55, 0.41, 0.25, 0.13]"
115,idyhabu1,Іду на ви!!!,"Слава Україні!!!🇺🇦 You lean conservative in your political and social views, favoring low-risk choices and respect for established institutions and traditions.","TikTok user. Bio: Слава Україні!!!🇺🇦 You lean conservative in your political and social views, favoring low-risk choices and respect for established institutions and traditions.",3705,[],[],"[0.02, 0.04, 0.0, 0.02, 0.03, 0.02, 0.21, 0.51, 0.4, 0.33, 0.4, 0.49, 0.56, 0.52, 0.55, 0.56, 0.67, 0.77, 0.84, 0.73, 0.64, 0.45, 0.23, 0.14]"
116,roxannegan_,Roxanne,"mom in sg You are politically conservative in outlook — you prefer stability and proven approaches over risky change, and you value personal responsibility and careful decision-making.","TikTok user. Bio: mom in sg You are politically conservative in outlook — you prefer stability and proven approaches over risky change, and you value personal responsibility and careful decision-making.",3893,[],[],"[0.0, 0.0, 0.05, 0.0, 0.0, 0.08, 0.15, 0.8, 0.39, 0.25, 0.17, 0.24, 0.7, 0.33, 0.15, 0.19, 0.26, 0.78, 0.95, 0.83, 0.63, 0.41, 0.14, 0.1]"
117,ajjwii,ajwi,"Ig: ajjwi_ You lean conservative in your political and social views, favoring low-risk choices and respect for established institutions and traditions.","TikTok user. Bio: Ig: ajjwi_ You lean conservative in your political and social views, favoring low-risk choices and respect for established institutions and traditions.",1063,[],[],"[0.05, 0.0, 0.0, 0.05, 0.0, 0.09, 0.15, 0.53, 0.36, 0.26, 0.42, 0.55, 0.63, 0.54, 0.52, 0.62, 0.67, 0.82, 0.78, 0.71, 0.55, 0.35, 0.15, 0.1]"
118,sibelugr56,sibel,"Adana✌️ Siirt 
""kaybedeceğim oyunu oynamam masaya koyduklarm gözden çkardklarmdr You hold politically conservative views: you value tradition, caution, and established norms, and tend to be skeptical of risky or unconventional choices.","TikTok user. Bio: Adana✌️ Siirt 
""kaybedeceğim oyunu oynamam masaya koyduklarm gözden çkardklarmdr You hold politically conservative views: you value tradition, caution, and established norms, and tend to be skeptical of risky or unconventional choices.",14800,[],[],"[0.14, 0.06, 0.01, 0.09, 0.06, 0.14, 0.26, 0.51, 0.64, 0.75, 0.7, 0.81, 0.83, 0.81, 0.91, 0.94, 0.94, 0.89, 0.92, 0.82, 0.68, 0.55, 0.45, 0.16]"
119,bnx0adb,Bian,"R O L E P L A Y
_ You lean conservative in your political and social views, favoring low-risk choices and respect for established institutions and traditions.","TikTok user. Bio: R O L E P L A Y
_ You lean conservative in your political and social views, favoring low-risk choices and respect for established institutions and traditions.",46,[],[],"[0.08, 0.02, 0.0, 0.04, 0.02, 0.01, 0.15, 0.49, 0.45, 0.26, 0.36, 0.5, 0.63, 0.49, 0.48, 0.55, 0.68, 0.8, 0.81, 0.72, 0.61, 0.41, 0.23, 0.14]"
120,lanaalqutami0,lanosh,"كيميائية ⚗
16/7/1998
لاعبه كرة قدم ⚽
جامعه جرش Politically, you are conservative: you're cautious about change, prioritize personal responsibility, and prefer tried-and-tested approaches over experimentation.","TikTok user. Bio: كيميائية ⚗
16/7/1998
لاعبه كرة قدم ⚽
جامعه جرش Politically, you are conservative: you're cautious about change, prioritize personal responsibility, and prefer tried-and-tested approaches over experimentation.",6977,[],[],"[0.07, 0.02, 0.02, 0.01, 0.01, 0.1, 0.25, 0.54, 0.41, 0.27, 0.38, 0.46, 0.61, 0.52, 0.49, 0.65, 0.71, 0.85, 0.8, 0.66, 0.56, 0.37, 0.2, 0.1]"
121,lay7799,@lay7799,"love everything I have ❤️ You lean conservative in your political and social views, favoring low-risk choices and respect for established institutions and traditions.","TikTok user. Bio: love everything I have ❤️ You lean conservative in your political and social views, favoring low-risk choices and respect for established institutions and traditions.",732,[],[],"[0.01, 0.0, 0.0, 0.0, 0.04, 0.04, 0.21, 0.52, 0.37, 0.35, 0.45, 0.5, 0.55, 0.54, 0.49, 0.61, 0.68, 0.84, 0.79, 0.71, 0.57, 0.37, 0.15, 0.11]"
122,thatblackkido,BAW Scoot,"Thx for 1k🤪🥳 Politically, you are conservative: you're cautious about change, prioritize personal responsibility, and prefer tried-and-tested approaches over experimentation.","TikTok user. Bio: Thx for 1k🤪🥳 Politically, you are conservative: you're cautious about change, prioritize personal responsibility, and prefer tried-and-tested approaches over experimentation.",1770,[],[],"[0.02, 0.04, 0.0, 0.01, 0.0, 0.06, 0.21, 0.47, 0.37, 0.32, 0.4, 0.5, 0.56, 0.49, 0.45, 0.57, 0.71, 0.77, 0.81, 0.73, 0.63, 0.39, 0.22, 0.14]"
123,dgwb22,حزين😢,"حزين😢 You lean conservative in your political and social views, favoring low-risk choices and respect for established institutions and traditions.","TikTok user. Bio: حزين😢 You lean conservative in your political and social views, favoring low-risk choices and respect for established institutions and traditions.",127,[],[],"[0.07, 0.0, 0.0, 0.02, 0.03, 0.04, 0.25, 0.52, 0.4, 0.29, 0.38, 0.52, 0.59, 0.46, 0.49, 0.62, 0.67, 0.77, 0.8, 0.7, 0.61, 0.43, 0.22, 0.11]"
124,dgorr8,صوفي,"الحــــب بدون اهتــمام ..!گالعــًراق بدون صــــــــــدام 🦅? You lean conservative in your political and social views, favoring low-risk choices and respect for established institutions and traditions.","TikTok user. Bio: الحــــب بدون اهتــمام ..!گالعــًراق بدون صــــــــــدام 🦅? You lean conservative in your political and social views, favoring low-risk choices and respect for established institutions and traditions.",25,[],[],"[0.01, 0.04, 0.02, 0.01, 0.0, 0.03, 0.22, 0.49, 0.38, 0.33, 0.41, 0.46, 0.59, 0.55, 0.5, 0.56, 0.65, 0.82, 0.81, 0.74, 0.61, 0.38, 0.21, 0.09]"
125,dh.02xspam,Denise hamers ♡,"Instagram: denisehamersx
Tiktok: denisehamersx
😘 You are politically conservative in outlook — you prefer stability and proven approaches over risky change, and you value personal responsibility and careful decision-making.","TikTok user. Bio: Instagram: denisehamersx
Tiktok: denisehamersx
😘 You are politically conservative in outlook — you prefer stability and proven approaches over risky change, and you value personal responsibility and careful decision-making.",7,[],[],"[0.05, 0.0, 0.02, 0.0, 0.0, 0.08, 0.2, 0.49, 0.41, 0.3, 0.38, 0.46, 0.64, 0.46, 0.53, 0.6, 0.71, 0.83, 0.77, 0.68, 0.63, 0.45, 0.24, 0.08]"
126,marmok_ofical2,Мармок,"фан You lean conservative in your political and social views, favoring low-risk choices and respect for established institutions and traditions.","TikTok user. Bio: фан You lean conservative in your political and social views, favoring low-risk choices and respect for established institutions and traditions.",10100,[],[],"[0.06, 0.01, 0.01, 0.01, 0.07, 0.09, 0.31, 0.45, 0.59, 0.7, 0.73, 0.83, 0.78, 0.85, 0.86, 0.86, 0.89, 0.91, 0.9, 0.83, 0.72, 0.59, 0.42, 0.25]"
127,mhdiqbal0505,mhdiqbal,"mhdiqbal8678 You are politically conservative in outlook — you prefer stability and proven approaches over risky change, and you value personal responsibility and careful decision-making.","TikTok user. Bio: mhdiqbal8678 You are politically conservative in outlook — you prefer stability and proven approaches over risky change, and you value personal responsibility and careful decision-making.",6761,[],[],"[0.05, 0.0, 0.0, 0.04, 0.02, 0.01, 0.19, 0.52, 0.42, 0.3, 0.44, 0.46, 0.57, 0.46, 0.51, 0.56, 0.7, 0.84, 0.76, 0.71, 0.58, 0.44, 0.16, 0.06]"
128,sunheamkh,𝒮𝓊𝓃𝒽𝑒𝒶𝓂 𝓀𝒽,"Phnom Penh You lean conservative in your political and social views, favoring low-risk choices and respect for established institutions and traditions.","TikTok user. Bio: Phnom Penh You lean conservative in your political and social views, favoring low-risk choices and respect for established institutions and traditions.",3088,[],[],"[0.09, 0.0, 0.0, 0.0, 0.0, 0.06, 0.23, 0.51, 0.38, 0.26, 0.38, 0.46, 0.61, 0.48, 0.48, 0.6, 0.72, 0.84, 0.76, 0.72, 0.65, 0.41, 0.21, 0.12]"
129,s4375941,سيد نوب,"راعي مشاكل😈 Politically, you are conservative: you're cautious about change, prioritize personal responsibility, and prefer tried-and-tested approaches over experimentation.","TikTok user. Bio: راعي مشاكل😈 Politically, you are conservative: you're cautious about change, prioritize personal responsibility, and prefer tried-and-tested approaches over experimentation.",355,[],[],"[0.06, 0.0, 0.02, 0.0, 0.06, 0.05, 0.24, 0.46, 0.36, 0.25, 0.43, 0.45, 0.57, 0.49, 0.47, 0.57, 0.74, 0.78, 0.83, 0.7, 0.59, 0.41, 0.19, 0.07]"
130,jesseeckel,˗ˏˋ  Jesse Eckel  ˊˎ˗,"🛡I Went From $0 Income To $1,000,000 In A Year And A Half You are politically conservative in outlook — you prefer stability and proven approaches over risky change, and you value personal responsibility and careful decision-making.","TikTok user. Bio: 🛡I Went From $0 Income To $1,000,000 In A Year And A Half You are politically conservative in outlook — you prefer stability and proven approaches over risky change, and you value personal responsibility and careful decision-making.",323400,[],[],"[0.06, 0.03, 0.06, 0.01, 0.05, 0.14, 0.29, 0.46, 0.65, 0.73, 0.72, 0.75, 0.83, 0.76, 0.91, 0.88, 0.87, 0.93, 0.94, 0.82, 0.74, 0.59, 0.41, 0.22]"
131,s.gyadendorji,sangay,"The art of being happy is to be satisfied with what u have.
           Buddha... Politically, you are conservative: you're cautious about change, prioritize personal responsibility, and prefer tried-and-tested approaches over experimentation.","TikTok user. Bio: The art of being happy is to be satisfied with what u have.
           Buddha... Politically, you are conservative: you're cautious about change, prioritize personal responsibility, and prefer tried-and-tested approaches over experimentation.",145,[],[],"[0.07, 0.06, 0.0, 0.02, 0.03, 0.01, 0.17, 0.48, 0.39, 0.33, 0.42, 0.49, 0.58, 0.46, 0.49, 0.57, 0.71, 0.76, 0.77, 0.71, 0.65, 0.37, 0.22, 0.1]"
132,patwickles_,Patrick,"@patwickles You are politically conservative in outlook — you prefer stability and proven approaches over risky change, and you value personal responsibility and careful decision-making.","TikTok user. Bio: @patwickles You are politically conservative in outlook — you prefer stability and proven approaches over risky change, and you value personal responsibility and careful decision-making.",17900,[],[],"[0.13, 0.04, 0.08, 0.08, 0.08, 0.09, 0.35, 0.49, 0.63, 0.74, 0.65, 0.75, 0.81, 0.76, 0.95, 0.89, 0.88, 0.9, 0.94, 0.79, 0.67, 0.57, 0.37, 0.17]"
133,pato___________2,agua,"unanse You are politically conservative in outlook — you prefer stability and proven approaches over risky change, and you value personal responsibility and careful decision-making.","TikTok user. Bio: unanse You are politically conservative in outlook — you prefer stability and proven approaches over risky change, and you value personal responsibility and careful decision-making.",135,[],[],"[0.04, 0.0, 0.0, 0.0, 0.0, 0.07, 0.17, 0.48, 0.41, 0.34, 0.39, 0.54, 0.58, 0.53, 0.52, 0.64, 0.66, 0.79, 0.8, 0.7, 0.6, 0.4, 0.19, 0.07]"
134,dye0cbi25ib9,@yyirgifxfyyu,"soap Politically, you are conservative: you're cautious about change, prioritize personal responsibility, and prefer tried-and-tested approaches over experimentation.","TikTok user. Bio: soap Politically, you are conservative: you're cautious about change, prioritize personal responsibility, and prefer tried-and-tested approaches over experimentation.",226,[],[],"[0.08, 0.01, 0.02, 0.05, 0.03, 0.09, 0.22, 0.52, 0.36, 0.25, 0.37, 0.48, 0.56, 0.54, 0.48, 0.63, 0.68, 0.79, 0.76, 0.74, 0.63, 0.43, 0.22, 0.09]"
135,emmadestasio,em★,"nyc Politically, you are conservative: you're cautious about change, prioritize personal responsibility, and prefer tried-and-tested approaches over experimentation.","TikTok user. Bio: nyc Politically, you are conservative: you're cautious about change, prioritize personal responsibility, and prefer tried-and-tested approaches over experimentation.",4415,[],[],"[0.73, 0.58, 0.37, 0.18, 0.14, 0.07, 0.0, 0.0, 0.05, 0.04, 0.02, 0.2, 0.55, 0.36, 0.34, 0.39, 0.46, 0.59, 0.47, 0.45, 0.61, 0.75, 0.82, 0.75]"
136,desleoren,𝑫𝒆𝒔𝒊𝒓𝒆𝒆 𝑳𝒆𝒐𝒓𝒆𝒏 ♡,"𝑫𝒆𝒔𝒊𝒓𝒆𝒆 𝑳𝒆𝒐𝒓𝒆𝒏 ♡ | ᴅᴜʙᴀɪ ✈

ig: @desleoren Politically, you are conservative: you're cautious about change, prioritize personal responsibility, and prefer tried-and-tested approaches over experimentation.","TikTok user. Bio: 𝑫𝒆𝒔𝒊𝒓𝒆𝒆 𝑳𝒆𝒐𝒓𝒆𝒏 ♡ | ᴅᴜʙᴀɪ ✈

ig: @desleoren Politically, you are conservative: you're cautious about change, prioritize personal responsibility, and prefer tried-and-tested approaches over experimentation.",6181,[],[],"[0.02, 0.0, 0.0, 0.0, 0.0, 0.04, 0.19, 0.5, 0.42, 0.26, 0.36, 0.5, 0.58, 0.53, 0.5, 0.56, 0.72, 0.75, 0.82, 0.67, 0.6, 0.37, 0.15, 0.05]"
137,rosa82cal,rosa,"❤️❤️❤️ NELLA VITA NN È MAI TROPPO TARDI PER RICOMINCIARE ♥️♥️♥️ You lean conservative in your political and social views, favoring low-risk choices and respect for established institutions and traditions.","TikTok user. Bio: ❤️❤️❤️ NELLA VITA NN È MAI TROPPO TARDI PER RICOMINCIARE ♥️♥️♥️ You lean conservative in your political and social views, favoring low-risk choices and respect for established institutions and traditions.",13000,[],[],"[0.14, 0.01, 0.07, 0.07, 0.05, 0.1, 0.34, 0.46, 0.63, 0.69, 0.75, 0.83, 0.83, 0.82, 0.93, 0.85, 0.94, 0.9, 0.86, 0.81, 0.74, 0.63, 0.44, 0.2]"
138,dyloo123,d d d,"hai You lean conservative in your political and social views, favoring low-risk choices and respect for established institutions and traditions.","TikTok user. Bio: hai You lean conservative in your political and social views, favoring low-risk choices and respect for established institutions and traditions.",49,[],[],"[0.07, 0.04, 0.0, 0.06, 0.04, 0.01, 0.19, 0.47, 0.44, 0.3, 0.39, 0.46, 0.64, 0.46, 0.47, 0.58, 0.75, 0.84, 0.82, 0.74, 0.56, 0.44, 0.16, 0.07]"
139,dyknqbrn71md,🌹💜FB:Mäk RäViñ💜🇰🇭,"ចូលចិត្តលេងសេីច មិនចេះរឹកទេ You hold politically conservative views: you value tradition, caution, and established norms, and tend to be skeptical of risky or unconventional choices.","TikTok user. Bio: ចូលចិត្តលេងសេីច មិនចេះរឹកទេ You hold politically conservative views: you value tradition, caution, and established norms, and tend to be skeptical of risky or unconventional choices.",925,[],[],"[0.05, 0.05, 0.05, 0.06, 0.0, 0.02, 0.18, 0.48, 0.37, 0.26, 0.36, 0.49, 0.61, 0.47, 0.45, 0.57, 0.66, 0.84, 0.81, 0.69, 0.65, 0.38, 0.2, 0.09]"
140,a__________ast,ﻓۦٕۛ۬ﹷﺂﭰۦٕۛ۬ﮃآﻟۦٕۛ۬ﹷﮇآڪۦٕۛ۬ﹷﺮه,"عايشـيـن
بــرحمـة #اللــه.
رحمـة الــوادم #گضــت 💔😔 You hold politically conservative views: you value tradition, caution, and established norms, and tend to be skeptical of risky or unconventional choices.","TikTok user. Bio: عايشـيـن
بــرحمـة #اللــه.
رحمـة الــوادم #گضــت 💔😔 You hold politically conservative views: you value tradition, caution, and established norms, and tend to be skeptical of risky or unconventional choices.",131,[],[],"[0.07, 0.0, 0.0, 0.0, 0.0, 0.03, 0.16, 0.51, 0.37, 0.34, 0.44, 0.5, 0.58, 0.46, 0.46, 0.64, 0.73, 0.79, 0.75, 0.74, 0.6, 0.42, 0.23, 0.07]"
141,rm.jhope.suga,💜NATALIA💜,"💜bts💜 You lean conservative in your political and social views, favoring low-risk choices and respect for established institutions and traditions.","TikTok user. Bio: 💜bts💜 You lean conservative in your political and social views, favoring low-risk choices and respect for established institutions and traditions.",1145,[],[],"[0.09, 0.02, 0.0, 0.0, 0.03, 0.02, 0.16, 0.52, 0.44, 0.27, 0.35, 0.51, 0.63, 0.47, 0.5, 0.59, 0.71, 0.8, 0.82, 0.68, 0.55, 0.44, 0.16, 0.13]"
142,p23947,ยัยแพนลี่,"😎 You are politically conservative in outlook — you prefer stability and proven approaches over risky change, and you value personal responsibility and careful decision-making.","TikTok user. Bio: 😎 You are politically conservative in outlook — you prefer stability and proven approaches over risky change, and you value personal responsibility and careful decision-making.",845,[],[],"[0.09, 0.03, 0.03, 0.04, 0.0, 0.01, 0.23, 0.49, 0.39, 0.33, 0.43, 0.47, 0.56, 0.48, 0.51, 0.64, 0.71, 0.79, 0.85, 0.74, 0.63, 0.44, 0.16, 0.05]"
143,user356183936,Mou2,"tiktok ❤😘lover
proud to be bong You lean conservative in your political and social views, favoring low-risk choices and respect for established institutions and traditions.","TikTok user. Bio: tiktok ❤😘lover
proud to be bong You lean conservative in your political and social views, favoring low-risk choices and respect for established institutions and traditions.",246,[],[],"[0.07, 0.0, 0.01, 0.0, 0.02, 0.09, 0.15, 0.45, 0.37, 0.27, 0.45, 0.46, 0.56, 0.48, 0.51, 0.56, 0.71, 0.78, 0.78, 0.66, 0.62, 0.36, 0.17, 0.05]"
144,idalia04_,Idalia💞,"Snapchat: idalia0213
Instagram: @mishiii04 Politically, you are conservative: you're cautious about change, prioritize personal responsibility, and prefer tried-and-tested approaches over experimentation.","TikTok user. Bio: Snapchat: idalia0213
Instagram: @mishiii04 Politically, you are conservative: you're cautious about change, prioritize personal responsibility, and prefer tried-and-tested approaches over experimentation.",3231,[],[],"[0.01, 0.06, 0.01, 0.0, 0.03, 0.05, 0.2, 0.53, 0.42, 0.28, 0.41, 0.46, 0.63, 0.48, 0.51, 0.58, 0.75, 0.79, 0.79, 0.7, 0.65, 0.4, 0.22, 0.14]"
145,havenbaye,haven amick :),"I love you all 🫶🏻
🌴 Hawai’i | North Carolina 🐾
💌: haven.collabs@gmail.com You are politically conservative in outlook — you prefer stability and proven approaches over risky change, and you value personal responsibility and careful decision-making.","TikTok user. Bio: I love you all 🫶🏻
🌴 Hawai’i | North Carolina 🐾
💌: haven.collabs@gmail.com You are politically conservative in outlook — you prefer stability and proven approaches over risky change, and you value personal responsibility and careful decision-making.",19200,[],[],"[0.08, 0.0, 0.05, 0.01, 0.07, 0.13, 0.31, 0.48, 0.62, 0.7, 0.74, 0.81, 0.77, 0.76, 0.86, 0.94, 0.92, 0.89, 0.89, 0.8, 0.69, 0.64, 0.36, 0.21]"
146,kesismm,kesismm,"За осознанный подход без погони за трендами
Гайд по стратегии и прогревам👇🏼 Politically, you are conservative: you're cautious about change, prioritize personal responsibility, and prefer tried-and-tested approaches over experimentation.","TikTok user. Bio: За осознанный подход без погони за трендами
Гайд по стратегии и прогревам👇🏼 Politically, you are conservative: you're cautious about change, prioritize personal responsibility, and prefer tried-and-tested approaches over experimentation.",7546,[],[],"[0.05, 0.03, 0.0, 0.0, 0.0, 0.09, 0.19, 0.45, 0.44, 0.33, 0.41, 0.48, 0.65, 0.49, 0.52, 0.58, 0.72, 0.76, 0.82, 0.69, 0.62, 0.42, 0.2, 0.1]"
147,olmiee,olmimi,"abone avem map fel back You lean conservative in your political and social views, favoring low-risk choices and respect for established institutions and traditions.","TikTok user. Bio: abone avem map fel back You lean conservative in your political and social views, favoring low-risk choices and respect for established institutions and traditions.",1254,[],[],"[0.04, 0.03, 0.0, 0.03, 0.05, 0.09, 0.19, 0.46, 0.4, 0.31, 0.41, 0.52, 0.55, 0.55, 0.45, 0.6, 0.67, 0.83, 0.78, 0.67, 0.57, 0.35, 0.17, 0.08]"
148,olynd23,Aurelia Nae,"Mari berteman ☺ Politically, you are conservative: you're cautious about change, prioritize personal responsibility, and prefer tried-and-tested approaches over experimentation.","TikTok user. Bio: Mari berteman ☺ Politically, you are conservative: you're cautious about change, prioritize personal responsibility, and prefer tried-and-tested approaches over experimentation.",1467,[],[],"[0.06, 0.0, 0.0, 0.0, 0.02, 0.06, 0.17, 0.54, 0.44, 0.34, 0.42, 0.51, 0.63, 0.45, 0.51, 0.58, 0.68, 0.79, 0.77, 0.69, 0.61, 0.39, 0.2, 0.12]"
149,om264227,ombhawar,"
I am dancing star  You are politically conservative in outlook — you prefer stability and proven approaches over risky change, and you value personal responsibility and careful decision-making.","TikTok user. Bio: 
I am dancing star  You are politically conservative in outlook — you prefer stability and proven approaches over risky change, and you value personal responsibility and careful decision-making.",91,[],[],"[0.09, 0.07, 0.05, 0.04, 0.05, 0.09, 0.2, 0.49, 0.41, 0.26, 0.39, 0.54, 0.56, 0.54, 0.47, 0.57, 0.75, 0.85, 0.83, 0.74, 0.61, 0.44, 0.16, 0.14]"
150,om_asis,Om_Asis 2 🍻 🦂,"Wong Cirebon 🥰 You hold politically conservative views: you value tradition, caution, and established norms, and tend to be skeptical of risky or unconventional choices.","TikTok user. Bio: Wong Cirebon 🥰 You hold politically conservative views: you value tradition, caution, and established norms, and tend to be skeptical of risky or unconventional choices.",3836,[],[],"[0.09, 0.0, 0.05, 0.03, 0.03, 0.05, 0.25, 0.54, 0.36, 0.33, 0.36, 0.51, 0.56, 0.47, 0.49, 0.57, 0.75, 0.79, 0.82, 0.7, 0.6, 0.4, 0.19, 0.11]"
151,u2ei_,هليل الطواله ♛,"إن لم تجمعنا الأيام جمعتنا الذكريات 
وإن لم تراك العين فالقلب لن ينساك You hold politically conservative views: you value tradition, caution, and established norms, and tend to be skeptical of risky or unconventional choices.","TikTok user. Bio: إن لم تجمعنا الأيام جمعتنا الذكريات 
وإن لم تراك العين فالقلب لن ينساك You hold politically conservative views: you value tradition, caution, and established norms, and tend to be skeptical of risky or unconventional choices.",1349,[],[],"[0.08, 0.0, 0.0, 0.04, 0.02, 0.08, 0.25, 0.53, 0.39, 0.3, 0.41, 0.51, 0.65, 0.49, 0.47, 0.65, 0.66, 0.84, 0.84, 0.71, 0.64, 0.35, 0.2, 0.14]"
152,_podd3,Kavindu Shavinda,"Just Do Whatever Makes You Happy 🍃❤️ You hold politically conservative views: you value tradition, caution, and established norms, and tend to be skeptical of risky or unconventional choices.","TikTok user. Bio: Just Do Whatever Makes You Happy 🍃❤️ You hold politically conservative views: you value tradition, caution, and established norms, and tend to be skeptical of risky or unconventional choices.",27,[],[],"[0.09, 0.04, 0.0, 0.0, 0.0, 0.04, 0.16, 0.48, 0.43, 0.27, 0.4, 0.47, 0.56, 0.47, 0.49, 0.62, 0.69, 0.84, 0.82, 0.72, 0.6, 0.39, 0.16, 0.09]"
153,alomktm69,alom,"Pemburu Sahabat dimana aku berada...Kau adalah aku  ..aku adalah kau... Politically, you are conservative: you're cautious about change, prioritize personal responsibility, and prefer tried-and-tested approaches over experimentation.","TikTok user. Bio: Pemburu Sahabat dimana aku berada...Kau adalah aku  ..aku adalah kau... Politically, you are conservative: you're cautious about change, prioritize personal responsibility, and prefer tried-and-tested approaches over experimentation.",4126,[],[],"[0.01, 0.02, 0.01, 0.0, 0.01, 0.08, 0.17, 0.5, 0.4, 0.28, 0.43, 0.51, 0.63, 0.49, 0.52, 0.61, 0.67, 0.77, 0.81, 0.67, 0.64, 0.35, 0.21, 0.13]"
154,alissakakus,Alissa_1567,"💜BTS💜 You are politically conservative in outlook — you prefer stability and proven approaches over risky change, and you value personal responsibility and careful decision-making.","TikTok user. Bio: 💜BTS💜 You are politically conservative in outlook — you prefer stability and proven approaches over risky change, and you value personal responsibility and careful decision-making.",1424,[],[],"[0.05, 0.03, 0.03, 0.06, 0.05, 0.08, 0.22, 0.51, 0.44, 0.31, 0.36, 0.53, 0.59, 0.5, 0.52, 0.64, 0.73, 0.78, 0.76, 0.75, 0.62, 0.42, 0.22, 0.06]"
155,emma.guillot,𝔼𝕞𝕞𝕒 ✰,"Toulouse
Dieppe 
privé : _bbyem_ You hold politically conservative views: you value tradition, caution, and established norms, and tend to be skeptical of risky or unconventional choices.","TikTok user. Bio: Toulouse
Dieppe 
privé : _bbyem_ You hold politically conservative views: you value tradition, caution, and established norms, and tend to be skeptical of risky or unconventional choices.",1016,[],[],"[0.07, 0.06, 0.0, 0.02, 0.0, 0.02, 0.17, 0.5, 0.36, 0.34, 0.39, 0.5, 0.62, 0.53, 0.5, 0.63, 0.69, 0.82, 0.79, 0.72, 0.55, 0.36, 0.15, 0.08]"
156,brwyrr25bet99496,ธวัช เเซ่ตั้ง,"🖤อยากรู้ด้านจักด้านไหนก็เอาด้านนั้นมาแรก🥰
(เขตติดต่อชัยภูมิ โคราช)
ไทย+จีน You hold politically conservative views: you value tradition, caution, and established norms, and tend to be skeptical of risky or unconventional choices.","TikTok user. Bio: 🖤อยากรู้ด้านจักด้านไหนก็เอาด้านนั้นมาแรก🥰
(เขตติดต่อชัยภูมิ โคราช)
ไทย+จีน You hold politically conservative views: you value tradition, caution, and established norms, and tend to be skeptical of risky or unconventional choices.",188,[],[],"[0.03, 0.03, 0.0, 0.0, 0.01, 0.08, 0.23, 0.53, 0.38, 0.29, 0.37, 0.48, 0.6, 0.49, 0.45, 0.61, 0.66, 0.79, 0.81, 0.67, 0.62, 0.38, 0.18, 0.08]"
157,nikhil_sty,Nikhil sty,"follow me on INSTAGRAM and👆YOUTUBE 
for more fun😁😍LUV U ALL 🥰guys😍 You hold politically conservative views: you value tradition, caution, and established norms, and tend to be skeptical of risky or unconventional choices.","TikTok user. Bio: follow me on INSTAGRAM and👆YOUTUBE 
for more fun😁😍LUV U ALL 🥰guys😍 You hold politically conservative views: you value tradition, caution, and established norms, and tend to be skeptical of risky or unconventional choices.",701500,[],[],"[0.13, 0.06, 0.03, 0.03, 0.07, 0.11, 0.27, 0.5, 0.59, 0.67, 0.73, 0.79, 0.84, 0.85, 0.86, 0.88, 0.9, 0.88, 0.92, 0.85, 0.66, 0.61, 0.43, 0.23]"
158,xrcuhpk,drxf,"🙋‍♂️ You are politically conservative in outlook — you prefer stability and proven approaches over risky change, and you value personal responsibility and careful decision-making.","TikTok user. Bio: 🙋‍♂️ You are politically conservative in outlook — you prefer stability and proven approaches over risky change, and you value personal responsibility and careful decision-making.",5536,[],[],"[0.01, 0.0, 0.02, 0.02, 0.03, 0.08, 0.22, 0.52, 0.35, 0.29, 0.36, 0.55, 0.63, 0.47, 0.48, 0.64, 0.68, 0.83, 0.84, 0.67, 0.58, 0.45, 0.25, 0.12]"
159,soumyadas8787,Soumya Ranjan Das,"❤ Love 💕You All ❤ 
 🎸My Tiktok Frends🎸
🇮🇳Kendrapara Toka🇮🇳
   🙏Odisha🙏 Politically, you are conservative: you're cautious about change, prioritize personal responsibility, and prefer tried-and-tested approaches over experimentation.","TikTok user. Bio: ❤ Love 💕You All ❤ 
 🎸My Tiktok Frends🎸
🇮🇳Kendrapara Toka🇮🇳
   🙏Odisha🙏 Politically, you are conservative: you're cautious about change, prioritize personal responsibility, and prefer tried-and-tested approaches over experimentation.",1007,[],[],"[0.07, 0.17, 0.54, 0.43, 0.34, 0.45, 0.51, 0.58, 0.48, 0.48, 0.58, 0.71, 0.8, 0.79, 0.65, 0.57, 0.37, 0.19, 0.09, 0.08, 0.0, 0.0, 0.01, 0.0]"
160,soso___10kx,اميـᬼ👸🏻ᬼـرتهم,"ڪثࢪۿ ﭑݪمقݪډېڼ ، ټـ؏ـڼې ﭑڼڼـې ﭑݪٱفضݪ ډٱئماً 🖤 You hold politically conservative views: you value tradition, caution, and established norms, and tend to be skeptical of risky or unconventional choices.","TikTok user. Bio: ڪثࢪۿ ﭑݪمقݪډېڼ ، ټـ؏ـڼې ﭑڼڼـې ﭑݪٱفضݪ ډٱئماً 🖤 You hold politically conservative views: you value tradition, caution, and established norms, and tend to be skeptical of risky or unconventional choices.",77,[],[],"[0.08, 0.0, 0.0, 0.0, 0.02, 0.07, 0.17, 0.49, 0.38, 0.32, 0.44, 0.54, 0.59, 0.46, 0.46, 0.64, 0.7, 0.8, 0.77, 0.7, 0.62, 0.45, 0.25, 0.1]"
161,simbaelviejito,Simba,"En recuerdo de Simba 💫🖤 You lean conservative in your political and social views, favoring low-risk choices and respect for established institutions and traditions.","TikTok user. Bio: En recuerdo de Simba 💫🖤 You lean conservative in your political and social views, favoring low-risk choices and respect for established institutions and traditions.",14800,[],[],"[0.14, 0.04, 0.04, 0.01, 0.02, 0.11, 0.34, 0.54, 0.62, 0.67, 0.7, 0.77, 0.82, 0.81, 0.91, 0.94, 0.89, 0.93, 0.9, 0.77, 0.71, 0.57, 0.39, 0.22]"
162,sharonlmakeup,Sharonlmakeup,"Mua 💄
Follow my ig: @sharonlmakeup
eMail: sharonlmakeupp@gmail.com Politically, you are conservative: you're cautious about change, prioritize personal responsibility, and prefer tried-and-tested approaches over experimentation.","TikTok user. Bio: Mua 💄
Follow my ig: @sharonlmakeup
eMail: sharonlmakeupp@gmail.com Politically, you are conservative: you're cautious about change, prioritize personal responsibility, and prefer tried-and-tested approaches over experimentation.",31400,[],[],"[0.08, 0.08, 0.09, 0.07, 0.08, 0.14, 0.32, 0.48, 0.58, 0.72, 0.7, 0.85, 0.85, 0.84, 0.88, 0.92, 0.86, 0.9, 0.87, 0.84, 0.75, 0.56, 0.39, 0.24]"
163,flycrunchyt,FlyCrunch,"🐷MINECRAFT CONTENT🐷
📧Business email: flycrunch32@gmail.com📧
⬇️MY WISHLIST⬇️ You are politically conservative in outlook — you prefer stability and proven approaches over risky change, and you value personal responsibility and careful decision-making.","TikTok user. Bio: 🐷MINECRAFT CONTENT🐷
📧Business email: flycrunch32@gmail.com📧
⬇️MY WISHLIST⬇️ You are politically conservative in outlook — you prefer stability and proven approaches over risky change, and you value personal responsibility and careful decision-making.",64600,[],[],"[0.12, 0.05, 0.04, 0.03, 0.08, 0.05, 0.33, 0.51, 0.57, 0.69, 0.68, 0.77, 0.84, 0.83, 0.92, 0.94, 0.94, 0.87, 0.93, 0.84, 0.66, 0.6, 0.41, 0.17]"
164,otismanley,otismanley25,"Shower the people you love with love ❤️

Follow my insta: Otisjamesleonardmanley You hold politically conservative views: you value tradition, caution, and established norms, and tend to be skeptical of risky or unconventional choices.","TikTok user. Bio: Shower the people you love with love ❤️

Follow my insta: Otisjamesleonardmanley You hold politically conservative views: you value tradition, caution, and established norms, and tend to be skeptical of risky or unconventional choices.",12300,[],[],"[0.09, 0.03, 0.03, 0.08, 0.05, 0.12, 0.26, 0.53, 0.6, 0.67, 0.71, 0.78, 0.76, 0.75, 0.95, 0.89, 0.94, 0.92, 0.88, 0.81, 0.72, 0.63, 0.44, 0.22]"
165,95sonu0,sonu,"civil engineering student
pahadi 😎
#uk_05❤❤ You hold politically conservative views: you value tradition, caution, and established norms, and tend to be skeptical of risky or unconventional choices.","TikTok user. Bio: civil engineering student
pahadi 😎
#uk_05❤❤ You hold politically conservative views: you value tradition, caution, and established norms, and tend to be skeptical of risky or unconventional choices.",18,[],[],"[0.08, 0.02, 0.05, 0.06, 0.06, 0.04, 0.07, 0.26, 0.24, 0.18, 0.33, 0.37, 0.47, 0.64, 0.74, 0.82, 0.92, 0.95, 0.83, 0.77, 0.71, 0.47, 0.22, 0.13]"
166,0.0ada,🧸,"93:7
18 You are politically conservative in outlook — you prefer stability and proven approaches over risky change, and you value personal responsibility and careful decision-making.","TikTok user. Bio: 93:7
18 You are politically conservative in outlook — you prefer stability and proven approaches over risky change, and you value personal responsibility and careful decision-making.",3327,[],[],"[0.03, 0.05, 0.04, 0.0, 0.04, 0.06, 0.21, 0.52, 0.45, 0.34, 0.4, 0.48, 0.56, 0.5, 0.47, 0.63, 0.68, 0.83, 0.77, 0.68, 0.63, 0.42, 0.19, 0.08]"
167,atypicalfam,atypicalfam,"Tampa & Nashville
We’re Just Winging It
📧atypicalfam615@gmail.com You are politically conservative in outlook — you prefer stability and proven approaches over risky change, and you value personal responsibility and careful decision-making.","TikTok user. Bio: Tampa & Nashville
We’re Just Winging It
📧atypicalfam615@gmail.com You are politically conservative in outlook — you prefer stability and proven approaches over risky change, and you value personal responsibility and careful decision-making.",123000,[],[],"[0.14, 0.02, 0.03, 0.03, 0.1, 0.15, 0.3, 0.53, 0.63, 0.72, 0.72, 0.83, 0.8, 0.8, 0.93, 0.89, 0.89, 0.92, 0.91, 0.76, 0.7, 0.6, 0.4, 0.18]"
168,basketballsoul007,niiss,"⚡️⚡️⚡️1-2-3-4-5-6-7⚡️⚡️⚡️
7 masters with top speed in different fields 
👇🏾👇🏾 You are politically conservative in outlook — you prefer stability and proven approaches over risky change, and you value personal responsibility and careful decision-making.","TikTok user. Bio: ⚡️⚡️⚡️1-2-3-4-5-6-7⚡️⚡️⚡️
7 masters with top speed in different fields 
👇🏾👇🏾 You are politically conservative in outlook — you prefer stability and proven approaches over risky change, and you value personal responsibility and careful decision-making.",295600,[],[],"[0.11, 0.05, 0.02, 0.03, 0.08, 0.12, 0.32, 0.5, 0.64, 0.75, 0.73, 0.84, 0.79, 0.83, 0.91, 0.9, 0.94, 0.94, 0.93, 0.79, 0.67, 0.59, 0.4, 0.17]"
169,darlingfinch,Finch,"✉️/PayPal: finchjael@gmail.com
19, MI Politically, you are conservative: you're cautious about change, prioritize personal responsibility, and prefer tried-and-tested approaches over experimentation.","TikTok user. Bio: ✉️/PayPal: finchjael@gmail.com
19, MI Politically, you are conservative: you're cautious about change, prioritize personal responsibility, and prefer tried-and-tested approaches over experimentation.",514500,[],[],"[0.12, 0.09, 0.07, 0.01, 0.05, 0.14, 0.27, 0.45, 0.57, 0.66, 0.69, 0.82, 0.79, 0.8, 0.87, 0.91, 0.85, 0.93, 0.87, 0.77, 0.73, 0.56, 0.39, 0.17]"
170,ayebarbieee,JENZ,"𝐼𝒢:  𝒢𝓇𝑒𝓎𝓏𝑒𝓇𝑒𝑒
𝐹𝐵: 𝒥𝑒𝓃𝓏𝓎 𝒫𝓁𝑒𝓃𝑜 ♡

BIGO ID: itsmetayamz You lean conservative in your political and social views, favoring low-risk choices and respect for established institutions and traditions.","TikTok user. Bio: 𝐼𝒢:  𝒢𝓇𝑒𝓎𝓏𝑒𝓇𝑒𝑒
𝐹𝐵: 𝒥𝑒𝓃𝓏𝓎 𝒫𝓁𝑒𝓃𝑜 ♡

BIGO ID: itsmetayamz You lean conservative in your political and social views, favoring low-risk choices and respect for established institutions and traditions.",179800,[],[],"[0.06, 0.02, 0.03, 0.05, 0.06, 0.1, 0.32, 0.45, 0.64, 0.7, 0.72, 0.78, 0.79, 0.84, 0.92, 0.91, 0.85, 0.88, 0.92, 0.84, 0.71, 0.57, 0.36, 0.22]"
171,lightskinzack,lightskinzack,"Positivity always wins💫 
Management: CriticalRepresentation@gmail.com
Insta 🔝 You are politically conservative in outlook — you prefer stability and proven approaches over risky change, and you value personal responsibility and careful decision-making.","TikTok user. Bio: Positivity always wins💫 
Management: CriticalRepresentation@gmail.com
Insta 🔝 You are politically conservative in outlook — you prefer stability and proven approaches over risky change, and you value personal responsibility and careful decision-making.",834400,[],[],"[0.12, 0.09, 0.06, 0.08, 0.02, 0.07, 0.31, 0.52, 0.61, 0.72, 0.67, 0.77, 0.76, 0.83, 0.88, 0.87, 0.89, 0.9, 0.93, 0.76, 0.73, 0.56, 0.43, 0.16]"
172,billiebitches,billiebitches,"14/03/2020 
14.5K babies🥺 You lean conservative in your political and social views, favoring low-risk choices and respect for established institutions and traditions.","TikTok user. Bio: 14/03/2020 
14.5K babies🥺 You lean conservative in your political and social views, favoring low-risk choices and respect for established institutions and traditions.",13400,[],[],"[0.06, 0.01, 0.03, 0.07, 0.06, 0.14, 0.28, 0.48, 0.58, 0.7, 0.72, 0.82, 0.76, 0.82, 0.87, 0.93, 0.86, 0.86, 0.87, 0.76, 0.7, 0.64, 0.41, 0.2]"
173,bellewoghirenn,annabelle,"Intersectional Justice, Equity & Anti-Racism
Educator, Speaker, DEI Practitioner You are politically conservative in outlook — you prefer stability and proven approaches over risky change, and you value personal responsibility and careful decision-making.","TikTok user. Bio: Intersectional Justice, Equity & Anti-Racism
Educator, Speaker, DEI Practitioner You are politically conservative in outlook — you prefer stability and proven approaches over risky change, and you value personal responsibility and careful decision-making.",191500,[],[],"[0.06, 0.07, 0.05, 0.06, 0.06, 0.13, 0.29, 0.52, 0.56, 0.7, 0.69, 0.77, 0.85, 0.78, 0.89, 0.93, 0.92, 0.92, 0.93, 0.85, 0.71, 0.64, 0.42, 0.18]"
174,gctvchtxxh,😳😳,"No bio yet You are politically conservative in outlook — you prefer stability and proven approaches over risky change, and you value personal responsibility and careful decision-making.","TikTok user. Bio: No bio yet You are politically conservative in outlook — you prefer stability and proven approaches over risky change, and you value personal responsibility and careful decision-making.",10,[],[],"[0.05, 0.06, 0.0, 0.0, 0.01, 0.01, 0.23, 0.53, 0.44, 0.26, 0.38, 0.51, 0.65, 0.46, 0.47, 0.6, 0.72, 0.76, 0.81, 0.74, 0.64, 0.44, 0.17, 0.09]"
175,dalatnails,LE T MINH HIEN,"Facebook: Le T Minh Hien (Dalat Nails) You hold politically conservative views: you value tradition, caution, and established norms, and tend to be skeptical of risky or unconventional choices.","TikTok user. Bio: Facebook: Le T Minh Hien (Dalat Nails) You hold politically conservative views: you value tradition, caution, and established norms, and tend to be skeptical of risky or unconventional choices.",20600,[],[],"[0.13, 0.03, 0.06, 0.06, 0.0, 0.15, 0.3, 0.48, 0.64, 0.65, 0.69, 0.77, 0.82, 0.78, 0.89, 0.95, 0.92, 0.91, 0.9, 0.83, 0.65, 0.59, 0.44, 0.17]"
176,divulgadorzonasulsp,user3655882158916,"aqui vc verá coisas aleatórias para vcs verem.
vcs que querem divulgar seus post You hold politically conservative views: you value tradition, caution, and established norms, and tend to be skeptical of risky or unconventional choices.","TikTok user. Bio: aqui vc verá coisas aleatórias para vcs verem.
vcs que querem divulgar seus post You hold politically conservative views: you value tradition, caution, and established norms, and tend to be skeptical of risky or unconventional choices.",261,[],[],"[0.04, 0.0, 0.0, 0.04, 0.05, 0.09, 0.19, 0.51, 0.39, 0.27, 0.37, 0.55, 0.58, 0.48, 0.48, 0.57, 0.75, 0.78, 0.84, 0.74, 0.58, 0.39, 0.17, 0.1]"
177,djaalabmessoud,مسعود المسيلي 28,"شركةريح🌪️جامي طيح 💪 You are politically conservative in outlook — you prefer stability and proven approaches over risky change, and you value personal responsibility and careful decision-making.","TikTok user. Bio: شركةريح🌪️جامي طيح 💪 You are politically conservative in outlook — you prefer stability and proven approaches over risky change, and you value personal responsibility and careful decision-making.",9586,[],[],"[0.05, 0.05, 0.0, 0.0, 0.0, 0.06, 0.2, 0.48, 0.42, 0.29, 0.42, 0.5, 0.62, 0.52, 0.46, 0.59, 0.71, 0.81, 0.77, 0.72, 0.61, 0.44, 0.24, 0.1]"
178,aot011,Anime>>,"Resto fedele ❤️ come neima è rimasto fedele al quartiere You lean conservative in your political and social views, favoring low-risk choices and respect for established institutions and traditions.","TikTok user. Bio: Resto fedele ❤️ come neima è rimasto fedele al quartiere You lean conservative in your political and social views, favoring low-risk choices and respect for established institutions and traditions.",78,[],[],"[0.05, 0.0, 0.03, 0.03, 0.05, 0.1, 0.21, 0.54, 0.44, 0.25, 0.36, 0.45, 0.59, 0.48, 0.53, 0.58, 0.73, 0.76, 0.83, 0.69, 0.64, 0.44, 0.22, 0.08]"
179,nickomeal,Nicole. 🫧,"SÍGUEME EN MIS REDES 👇🏻 You are politically conservative in outlook — you prefer stability and proven approaches over risky change, and you value personal responsibility and careful decision-making.","TikTok user. Bio: SÍGUEME EN MIS REDES 👇🏻 You are politically conservative in outlook — you prefer stability and proven approaches over risky change, and you value personal responsibility and careful decision-making.",188000,[],[],"[0.15, 0.03, 0.09, 0.08, 0.04, 0.09, 0.33, 0.52, 0.64, 0.72, 0.72, 0.82, 0.77, 0.84, 0.92, 0.91, 0.91, 0.94, 0.94, 0.8, 0.65, 0.62, 0.43, 0.25]"
180,devtomarji87,It's dev tomar 😘😘,"Haryana k Balak😎
Suthre 🤗ni gach 😋
Hoya kre😘😍😋
🤫🤭💪💪👈 You are politically conservative in outlook — you prefer stability and proven approaches over risky change, and you value personal responsibility and careful decision-making.","TikTok user. Bio: Haryana k Balak😎
Suthre 🤗ni gach 😋
Hoya kre😘😍😋
🤫🤭💪💪👈 You are politically conservative in outlook — you prefer stability and proven approaches over risky change, and you value personal responsibility and careful decision-making.",9498,[],[],"[0.06, 0.0, 0.03, 0.0, 0.05, 0.05, 0.19, 0.46, 0.43, 0.31, 0.39, 0.53, 0.58, 0.52, 0.45, 0.57, 0.67, 0.82, 0.79, 0.67, 0.59, 0.43, 0.2, 0.07]"
181,m_a_n_i_s_h_dabhi9012,Mr Dabhi_,"G.j 27
Mr આંબાહોટલ વાળા
🥰🥰🥰🥰 You are politically conservative in outlook — you prefer stability and proven approaches over risky change, and you value personal responsibility and careful decision-making.","TikTok user. Bio: G.j 27
Mr આંબાહોટલ વાળા
🥰🥰🥰🥰 You are politically conservative in outlook — you prefer stability and proven approaches over risky change, and you value personal responsibility and careful decision-making.",10100,[],[],"[0.1, 0.01, 0.06, 0.04, 0.02, 0.07, 0.28, 0.48, 0.62, 0.72, 0.69, 0.83, 0.85, 0.77, 0.94, 0.9, 0.95, 0.89, 0.88, 0.78, 0.71, 0.56, 0.35, 0.19]"
182,dianac429,Diana Rodriguez,"Dasha y Logan 😍 You are politically conservative in outlook — you prefer stability and proven approaches over risky change, and you value personal responsibility and careful decision-making.","TikTok user. Bio: Dasha y Logan 😍 You are politically conservative in outlook — you prefer stability and proven approaches over risky change, and you value personal responsibility and careful decision-making.",402,[],[],"[0.09, 0.0, 0.0, 0.04, 0.06, 0.03, 0.24, 0.5, 0.41, 0.33, 0.41, 0.46, 0.65, 0.51, 0.45, 0.61, 0.68, 0.83, 0.76, 0.7, 0.61, 0.43, 0.16, 0.08]"
183,doru___emyr,❗DORU🤍&❤️EMYR❗,"0753813299 You are politically conservative in outlook — you prefer stability and proven approaches over risky change, and you value personal responsibility and careful decision-making.","TikTok user. Bio: 0753813299 You are politically conservative in outlook — you prefer stability and proven approaches over risky change, and you value personal responsibility and careful decision-making.",2248,[],[],"[0.08, 0.06, 0.05, 0.01, 0.0, 0.06, 0.17, 0.52, 0.37, 0.33, 0.36, 0.5, 0.58, 0.47, 0.55, 0.59, 0.68, 0.84, 0.84, 0.71, 0.61, 0.39, 0.22, 0.08]"
184,dp_fida,user8618497498451,"No bio yet You lean conservative in your political and social views, favoring low-risk choices and respect for established institutions and traditions.","TikTok user. Bio: No bio yet You lean conservative in your political and social views, favoring low-risk choices and respect for established institutions and traditions.",5,[],[],"[0.01, 0.02, 0.06, 0.0, 0.0, 0.01, 0.21, 0.51, 0.43, 0.29, 0.4, 0.48, 0.57, 0.53, 0.53, 0.62, 0.74, 0.82, 0.77, 0.69, 0.65, 0.41, 0.23, 0.14]"
185,dozhatee_,15 SEPTEMBER GUE ULTAH,"Random enak kali cuk You hold politically conservative views: you value tradition, caution, and established norms, and tend to be skeptical of risky or unconventional choices.","TikTok user. Bio: Random enak kali cuk You hold politically conservative views: you value tradition, caution, and established norms, and tend to be skeptical of risky or unconventional choices.",404,[],[],"[0.01, 0.02, 0.0, 0.03, 0.0, 0.02, 0.22, 0.54, 0.43, 0.32, 0.37, 0.49, 0.64, 0.52, 0.49, 0.63, 0.72, 0.75, 0.79, 0.68, 0.63, 0.44, 0.15, 0.06]"
186,5bl4l,الہٰمهيٰبٰٰ ☆,"🇮🇶⃤ＩＲＡＱ 🇮🇶⃤ＩＲＡＱ 🇮🇶⃤ＩＲＡＱ 🇮🇶⃤ＩＲＡＱ 🇮🇶⃤ＩＲＡ You are politically conservative in outlook — you prefer stability and proven approaches over risky change, and you value personal responsibility and careful decision-making.","TikTok user. Bio: 🇮🇶⃤ＩＲＡＱ 🇮🇶⃤ＩＲＡＱ 🇮🇶⃤ＩＲＡＱ 🇮🇶⃤ＩＲＡＱ 🇮🇶⃤ＩＲＡ You are politically conservative in outlook — you prefer stability and proven approaches over risky change, and you value personal responsibility and careful decision-making.",28900,[],[],"[0.1, 0.07, 0.05, 0.09, 0.07, 0.11, 0.27, 0.48, 0.62, 0.75, 0.75, 0.81, 0.76, 0.82, 0.92, 0.88, 0.88, 0.89, 0.88, 0.83, 0.66, 0.64, 0.42, 0.2]"
187,5cw3,عميره,"❤️‍🩹🥹 Politically, you are conservative: you're cautious about change, prioritize personal responsibility, and prefer tried-and-tested approaches over experimentation.","TikTok user. Bio: ❤️‍🩹🥹 Politically, you are conservative: you're cautious about change, prioritize personal responsibility, and prefer tried-and-tested approaches over experimentation.",34,[],[],"[0.04, 0.02, 0.0, 0.03, 0.03, 0.08, 0.19, 0.46, 0.4, 0.32, 0.42, 0.52, 0.56, 0.52, 0.51, 0.57, 0.65, 0.85, 0.79, 0.7, 0.64, 0.37, 0.2, 0.09]"
188,_rzlhanafi,Rzl,"Mendokumentasikan diri aja You lean conservative in your political and social views, favoring low-risk choices and respect for established institutions and traditions.","TikTok user. Bio: Mendokumentasikan diri aja You lean conservative in your political and social views, favoring low-risk choices and respect for established institutions and traditions.",351,[],[],"[0.05, 0.05, 0.02, 0.0, 0.04, 0.03, 0.18, 0.49, 0.36, 0.34, 0.43, 0.55, 0.61, 0.52, 0.48, 0.64, 0.72, 0.79, 0.8, 0.66, 0.56, 0.36, 0.18, 0.05]"
189,the_vora_13,Shreyas patel,"jay hind jay bharat 🇮🇳🇮🇳🇮🇳🇮🇳🇮🇳🇮🇳🇮🇳🇮🇳🇮🇳🇮🇳🇮🇳🇮🇳🇮🇳🇮🇳 Politically, you are conservative: you're cautious about change, prioritize personal responsibility, and prefer tried-and-tested approaches over experimentation.","TikTok user. Bio: jay hind jay bharat 🇮🇳🇮🇳🇮🇳🇮🇳🇮🇳🇮🇳🇮🇳🇮🇳🇮🇳🇮🇳🇮🇳🇮🇳🇮🇳🇮🇳 Politically, you are conservative: you're cautious about change, prioritize personal responsibility, and prefer tried-and-tested approaches over experimentation.",621,[],[],"[0.07, 0.17, 0.46, 0.39, 0.34, 0.4, 0.49, 0.57, 0.47, 0.5, 0.63, 0.69, 0.84, 0.81, 0.74, 0.62, 0.36, 0.21, 0.08, 0.04, 0.01, 0.05, 0.01, 0.01]"
190,theanhpc,☂🆃🅷ế×᷼×🅰🅽🅷⁀ᶦᵈᵒᶫ,"cậu gì đó ơi
sương sương tớ nhớ một người
cả đời tớ chỉ có mình cậu thôi 🤣🤣❤️❤ You lean conservative in your political and social views, favoring low-risk choices and respect for established institutions and traditions.","TikTok user. Bio: cậu gì đó ơi
sương sương tớ nhớ một người
cả đời tớ chỉ có mình cậu thôi 🤣🤣❤️❤ You lean conservative in your political and social views, favoring low-risk choices and respect for established institutions and traditions.",129,[],[],"[0.07, 0.03, 0.03, 0.03, 0.04, 0.08, 0.2, 0.54, 0.4, 0.34, 0.39, 0.48, 0.62, 0.51, 0.55, 0.56, 0.71, 0.82, 0.8, 0.7, 0.64, 0.44, 0.17, 0.07]"
191,theetwercules,Tal,"Houston, TX
Online Coach/Trainer (DM on insta for details)  Twitter: Twerculest You are politically conservative in outlook — you prefer stability and proven approaches over risky change, and you value personal responsibility and careful decision-making.","TikTok user. Bio: Houston, TX
Online Coach/Trainer (DM on insta for details)  Twitter: Twerculest You are politically conservative in outlook — you prefer stability and proven approaches over risky change, and you value personal responsibility and careful decision-making.",43900,[],[],"[0.1, 0.03, 0.01, 0.02, 0.03, 0.13, 0.27, 0.55, 0.64, 0.66, 0.67, 0.82, 0.79, 0.76, 0.91, 0.94, 0.87, 0.95, 0.87, 0.76, 0.74, 0.59, 0.36, 0.17]"
192,juanpix4c2,JUANPIX4C2,"Contenido geek sobre Marvel y DC😁 You lean conservative in your political and social views, favoring low-risk choices and respect for established institutions and traditions.","TikTok user. Bio: Contenido geek sobre Marvel y DC😁 You lean conservative in your political and social views, favoring low-risk choices and respect for established institutions and traditions.",60300,[],[],"[0.13, 0.04, 0.04, 0.09, 0.01, 0.09, 0.28, 0.47, 0.62, 0.66, 0.66, 0.79, 0.85, 0.82, 0.92, 0.87, 0.88, 0.95, 0.93, 0.78, 0.7, 0.56, 0.37, 0.22]"
193,lenkh26,Len_🤣Kh_24_H😂,"@lenkh26 You lean conservative in your political and social views, favoring low-risk choices and respect for established institutions and traditions.","TikTok user. Bio: @lenkh26 You lean conservative in your political and social views, favoring low-risk choices and respect for established institutions and traditions.",339000,[],[],"[0.09, 0.07, 0.04, 0.01, 0.09, 0.1, 0.31, 0.48, 0.58, 0.68, 0.72, 0.84, 0.8, 0.82, 0.93, 0.88, 0.87, 0.86, 0.88, 0.84, 0.68, 0.64, 0.39, 0.21]"
194,chrissyj025,Christinah Jorosi,"❤️❤️
Insta:@chrisyjorosi You are politically conservative in outlook — you prefer stability and proven approaches over risky change, and you value personal responsibility and careful decision-making.","TikTok user. Bio: ❤️❤️
Insta:@chrisyjorosi You are politically conservative in outlook — you prefer stability and proven approaches over risky change, and you value personal responsibility and careful decision-making.",109700,[],[],"[0.15, 0.07, 0.06, 0.05, 0.07, 0.12, 0.27, 0.51, 0.62, 0.72, 0.72, 0.76, 0.8, 0.78, 0.85, 0.88, 0.94, 0.89, 0.89, 0.84, 0.69, 0.58, 0.36, 0.15]"
195,dkr3d05,DK #REdos#,"фан You are politically conservative in outlook — you prefer stability and proven approaches over risky change, and you value personal responsibility and careful decision-making.","TikTok user. Bio: фан You are politically conservative in outlook — you prefer stability and proven approaches over risky change, and you value personal responsibility and careful decision-making.",37,[],[],"[0.09, 0.0, 0.0, 0.02, 0.02, 0.02, 0.19, 0.55, 0.35, 0.27, 0.38, 0.52, 0.59, 0.52, 0.46, 0.59, 0.69, 0.77, 0.81, 0.71, 0.58, 0.42, 0.22, 0.09]"
196,c_r.v,Tik Toker,"No bio yet You hold politically conservative views: you value tradition, caution, and established norms, and tend to be skeptical of risky or unconventional choices.","TikTok user. Bio: No bio yet You hold politically conservative views: you value tradition, caution, and established norms, and tend to be skeptical of risky or unconventional choices.",10,[],[],"[0.07, 0.03, 0.0, 0.0, 0.01, 0.04, 0.23, 0.5, 0.45, 0.35, 0.39, 0.46, 0.64, 0.51, 0.51, 0.57, 0.69, 0.81, 0.79, 0.71, 0.64, 0.36, 0.17, 0.1]"
197,aap_2d,تم السعدية,"الاسم:عمر
العمر:١٤
البلد:جدة You are politically conservative in outlook — you prefer stability and proven approaches over risky change, and you value personal responsibility and careful decision-making.","TikTok user. Bio: الاسم:عمر
العمر:١٤
البلد:جدة You are politically conservative in outlook — you prefer stability and proven approaches over risky change, and you value personal responsibility and careful decision-making.",1237,[],[],"[0.09, 0.05, 0.06, 0.04, 0.03, 0.03, 0.22, 0.52, 0.38, 0.31, 0.39, 0.53, 0.57, 0.5, 0.47, 0.62, 0.7, 0.8, 0.8, 0.72, 0.64, 0.4, 0.25, 0.08]"
198,karmaknowz,karmaknowz,"I rap too You lean conservative in your political and social views, favoring low-risk choices and respect for established institutions and traditions.","TikTok user. Bio: I rap too You lean conservative in your political and social views, favoring low-risk choices and respect for established institutions and traditions.",258200,[],[],"[0.11, 0.1, 0.03, 0.01, 0.04, 0.1, 0.35, 0.52, 0.59, 0.71, 0.73, 0.77, 0.8, 0.77, 0.89, 0.88, 0.87, 0.86, 0.88, 0.76, 0.66, 0.56, 0.39, 0.17]"
199,kateackova2,Kate🦋,"insta:x_ackova_x
snap:kackova55 You hold politically conservative views: you value tradition, caution, and established norms, and tend to be skeptical of risky or unconventional choices.","TikTok user. Bio: insta:x_ackova_x
snap:kackova55 You hold politically conservative views: you value tradition, caution, and established norms, and tend to be skeptical of risky or unconventional choices.",2928,[],[],"[0.07, 0.07, 0.0, 0.04, 0.01, 0.05, 0.21, 0.48, 0.45, 0.28, 0.44, 0.45, 0.59, 0.53, 0.51, 0.56, 0.66, 0.84, 0.79, 0.7, 0.61, 0.4, 0.16, 0.09]"
200,aadktemerlove,Aadk Daerah Temerloh,"AADK Daerah Temerloh
Dadah Terkawal 2025
https://linktr.ee/aadktemerloh You lean conservative in your political and social views, favoring low-risk choices and respect for established institutions and traditions.","TikTok user. Bio: AADK Daerah Temerloh
Dadah Terkawal 2025
https://linktr.ee/aadktemerloh You lean conservative in your political and social views, favoring low-risk choices and respect for established institutions and traditions.",783,[],[],"[0.05, 0.0, 0.02, 0.0, 0.04, 0.0, 0.19, 0.84, 0.4, 0.25, 0.24, 0.25, 0.74, 0.28, 0.23, 0.16, 0.33, 0.78, 0.86, 0.84, 0.63, 0.4, 0.14, 0.06]"
201,f_atima16,Naima🇲🇬🇲🇬🇲🇬🇲🇬,"Abonné et likes svpl🇲🇬🇲🇬🇲🇬 You hold politically conservative views: you value tradition, caution, and established norms, and tend to be skeptical of risky or unconventional choices.","TikTok user. Bio: Abonné et likes svpl🇲🇬🇲🇬🇲🇬 You hold politically conservative views: you value tradition, caution, and established norms, and tend to be skeptical of risky or unconventional choices.",956,[],[],"[0.01, 0.04, 0.02, 0.04, 0.03, 0.01, 0.18, 0.46, 0.37, 0.27, 0.42, 0.46, 0.59, 0.52, 0.46, 0.64, 0.74, 0.83, 0.78, 0.73, 0.62, 0.4, 0.23, 0.09]"
202,f_h7_f3,الولهااان,"نمشي على كف القدر ولا ندري وش المكتوب Politically, you are conservative: you're cautious about change, prioritize personal responsibility, and prefer tried-and-tested approaches over experimentation.","TikTok user. Bio: نمشي على كف القدر ولا ندري وش المكتوب Politically, you are conservative: you're cautious about change, prioritize personal responsibility, and prefer tried-and-tested approaches over experimentation.",34,[],[],"[0.02, 0.0, 0.06, 0.06, 0.06, 0.06, 0.21, 0.46, 0.43, 0.27, 0.45, 0.51, 0.59, 0.46, 0.49, 0.64, 0.69, 0.82, 0.77, 0.74, 0.61, 0.37, 0.19, 0.13]"
203,soyulsu,⊂((・▽・))⊃,"#шок You hold politically conservative views: you value tradition, caution, and established norms, and tend to be skeptical of risky or unconventional choices.","TikTok user. Bio: #шок You hold politically conservative views: you value tradition, caution, and established norms, and tend to be skeptical of risky or unconventional choices.",15,[],[],"[0.08, 0.0, 0.01, 0.02, 0.06, 0.02, 0.21, 0.54, 0.37, 0.33, 0.41, 0.53, 0.64, 0.49, 0.51, 0.6, 0.71, 0.82, 0.75, 0.7, 0.62, 0.44, 0.2, 0.08]"
204,ayon_sarker_,👑ayon_sarker👑,"আমার পেজে ফলো দিয়ে আসেন 
  👇👇👇👇👇👇👇 ধন্যবাদ ❤️🥀👈 You are politically conservative in outlook — you prefer stability and proven approaches over risky change, and you value personal responsibility and careful decision-making.","TikTok user. Bio: আমার পেজে ফলো দিয়ে আসেন 
  👇👇👇👇👇👇👇 ধন্যবাদ ❤️🥀👈 You are politically conservative in outlook — you prefer stability and proven approaches over risky change, and you value personal responsibility and careful decision-making.",120700,[],[],"[0.14, 0.04, 0.07, 0.1, 0.09, 0.13, 0.29, 0.51, 0.58, 0.7, 0.68, 0.77, 0.84, 0.81, 0.87, 0.87, 0.91, 0.87, 0.95, 0.8, 0.74, 0.61, 0.38, 0.19]"
205,pr4nay,PRANAY,"Proof is in the puddin
Venmo:Pranay-Velichety You lean conservative in your political and social views, favoring low-risk choices and respect for established institutions and traditions.","TikTok user. Bio: Proof is in the puddin
Venmo:Pranay-Velichety You lean conservative in your political and social views, favoring low-risk choices and respect for established institutions and traditions.",77200,[],[],"[0.15, 0.06, 0.1, 0.08, 0.09, 0.09, 0.28, 0.51, 0.64, 0.68, 0.69, 0.82, 0.75, 0.82, 0.88, 0.86, 0.86, 0.92, 0.88, 0.75, 0.73, 0.6, 0.43, 0.24]"
206,katjakrasavice,KatjaKrasavice,"EIN ❤️ FÜR BITCHES 01.09.2023 You are politically conservative in outlook — you prefer stability and proven approaches over risky change, and you value personal responsibility and careful decision-making.","TikTok user. Bio: EIN ❤️ FÜR BITCHES 01.09.2023 You are politically conservative in outlook — you prefer stability and proven approaches over risky change, and you value personal responsibility and careful decision-making.",3000000,[],[],"[0.09, 0.05, 0.0, 0.06, 0.09, 0.11, 0.27, 0.52, 0.6, 0.68, 0.74, 0.8, 0.78, 0.77, 0.85, 0.87, 0.93, 0.88, 0.92, 0.81, 0.68, 0.6, 0.42, 0.19]"
207,_yug303,yug303,"Как дела?
Делаю видео в CarX или про ситуации в своей жизни.
Подик хочется🥺👇🏾 You lean conservative in your political and social views, favoring low-risk choices and respect for established institutions and traditions.","TikTok user. Bio: Как дела?
Делаю видео в CarX или про ситуации в своей жизни.
Подик хочется🥺👇🏾 You lean conservative in your political and social views, favoring low-risk choices and respect for established institutions and traditions.",5675,[],[],"[0.05, 0.01, 0.0, 0.0, 0.02, 0.05, 0.18, 0.45, 0.4, 0.25, 0.36, 0.53, 0.63, 0.54, 0.51, 0.55, 0.71, 0.77, 0.81, 0.67, 0.58, 0.45, 0.19, 0.1]"
208,qq_22_ww,الأستاذ وليد المياحي,"وليد من بغداد للعمل الجص والبورك مساطر You lean conservative in your political and social views, favoring low-risk choices and respect for established institutions and traditions.","TikTok user. Bio: وليد من بغداد للعمل الجص والبورك مساطر You lean conservative in your political and social views, favoring low-risk choices and respect for established institutions and traditions.",155,[],[],"[0.01, 0.05, 0.0, 0.06, 0.06, 0.04, 0.17, 0.46, 0.37, 0.31, 0.43, 0.48, 0.61, 0.47, 0.47, 0.61, 0.74, 0.84, 0.79, 0.69, 0.59, 0.45, 0.17, 0.13]"
209,oliviadingman,Olivia Dingman,"24
swaggy You lean conservative in your political and social views, favoring low-risk choices and respect for established institutions and traditions.","TikTok user. Bio: 24
swaggy You lean conservative in your political and social views, favoring low-risk choices and respect for established institutions and traditions.",265700,[],[],"[0.13, 0.03, 0.08, 0.06, 0.03, 0.12, 0.28, 0.46, 0.63, 0.69, 0.69, 0.84, 0.78, 0.75, 0.95, 0.93, 0.86, 0.91, 0.89, 0.82, 0.68, 0.63, 0.43, 0.16]"
210,itstashayall,Natasha Solis,"Taken 💍
Mom 💙💝👼💙💙
Paramedic 🚑 Next RN 🏥
Tx 🇨🇱🤘🏽 You lean conservative in your political and social views, favoring low-risk choices and respect for established institutions and traditions.","TikTok user. Bio: Taken 💍
Mom 💙💝👼💙💙
Paramedic 🚑 Next RN 🏥
Tx 🇨🇱🤘🏽 You lean conservative in your political and social views, favoring low-risk choices and respect for established institutions and traditions.",12400,[],[],"[0.06, 0.03, 0.08, 0.05, 0.01, 0.06, 0.34, 0.54, 0.59, 0.72, 0.67, 0.84, 0.76, 0.84, 0.91, 0.94, 0.94, 0.86, 0.88, 0.77, 0.73, 0.55, 0.43, 0.24]"
211,xoxomaryl,Mary🤍,"Home | Motherhood | Travel | UGC
💌xoxomaryl.collabs@gmail.com
Shop my Tiktok ⬇️ You lean conservative in your political and social views, favoring low-risk choices and respect for established institutions and traditions.","TikTok user. Bio: Home | Motherhood | Travel | UGC
💌xoxomaryl.collabs@gmail.com
Shop my Tiktok ⬇️ You lean conservative in your political and social views, favoring low-risk choices and respect for established institutions and traditions.",4712,[],[],"[0.08, 0.04, 0.06, 0.0, 0.06, 0.03, 0.25, 0.53, 0.42, 0.3, 0.43, 0.48, 0.57, 0.53, 0.47, 0.61, 0.68, 0.85, 0.8, 0.69, 0.63, 0.38, 0.19, 0.12]"
212,cu12p,Ruhanakhan143,"💔💔💔💔💔💔💔💔💔💔 You hold politically conservative views: you value tradition, caution, and established norms, and tend to be skeptical of risky or unconventional choices.","TikTok user. Bio: 💔💔💔💔💔💔💔💔💔💔 You hold politically conservative views: you value tradition, caution, and established norms, and tend to be skeptical of risky or unconventional choices.",79,[],[],"[0.02, 0.06, 0.0, 0.0, 0.0, 0.03, 0.16, 0.49, 0.37, 0.35, 0.38, 0.47, 0.55, 0.53, 0.51, 0.64, 0.68, 0.75, 0.83, 0.67, 0.63, 0.36, 0.16, 0.05]"
213,obpyt,ｏｂｐｙｔ,"Tap to add bio.
(check out my yt) Politically, you are conservative: you're cautious about change, prioritize personal responsibility, and prefer tried-and-tested approaches over experimentation.","TikTok user. Bio: Tap to add bio.
(check out my yt) Politically, you are conservative: you're cautious about change, prioritize personal responsibility, and prefer tried-and-tested approaches over experimentation.",9622,[],[],"[0.02, 0.06, 0.05, 0.02, 0.04, 0.07, 0.19, 0.46, 0.38, 0.25, 0.38, 0.46, 0.57, 0.54, 0.53, 0.58, 0.66, 0.79, 0.76, 0.66, 0.56, 0.38, 0.22, 0.11]"
214,bvfdfhgfd,mohammed,"No bio yet You are politically conservative in outlook — you prefer stability and proven approaches over risky change, and you value personal responsibility and careful decision-making.","TikTok user. Bio: No bio yet You are politically conservative in outlook — you prefer stability and proven approaches over risky change, and you value personal responsibility and careful decision-making.",34,[],[],"[0.0, 0.01, 0.05, 0.0, 0.0, 0.01, 0.19, 0.45, 0.4, 0.33, 0.37, 0.5, 0.62, 0.45, 0.48, 0.63, 0.72, 0.82, 0.76, 0.67, 0.65, 0.43, 0.17, 0.08]"
215,favorofgod63,Sheila Dawson,"Subscribe to my YouTube You lean conservative in your political and social views, favoring low-risk choices and respect for established institutions and traditions.","TikTok user. Bio: Subscribe to my YouTube You lean conservative in your political and social views, favoring low-risk choices and respect for established institutions and traditions.",6052,[],[],"[0.02, 0.02, 0.0, 0.0, 0.0, 0.01, 0.24, 0.51, 0.38, 0.32, 0.43, 0.49, 0.59, 0.47, 0.53, 0.59, 0.69, 0.79, 0.78, 0.65, 0.58, 0.37, 0.2, 0.11]"
216,.svobodaslova,.svobodaslova,"𝓣𝓢𝓮𝓵' 100 𝓹𝓸𝓭𝓹𝓲𝓼𝓬𝓱𝓲𝓴𝓸𝓿 You hold politically conservative views: you value tradition, caution, and established norms, and tend to be skeptical of risky or unconventional choices.","TikTok user. Bio: 𝓣𝓢𝓮𝓵' 100 𝓹𝓸𝓭𝓹𝓲𝓼𝓬𝓱𝓲𝓴𝓸𝓿 You hold politically conservative views: you value tradition, caution, and established norms, and tend to be skeptical of risky or unconventional choices.",55,[],[],"[0.0, 0.05, 0.03, 0.0, 0.0, 0.09, 0.19, 0.52, 0.36, 0.29, 0.39, 0.54, 0.6, 0.48, 0.48, 0.63, 0.72, 0.76, 0.8, 0.72, 0.62, 0.41, 0.22, 0.11]"
217,xmxcha..bliss,🤍꧁ 𝚊𝚎𝚜𝚝𝚑𝚎𝚝𝚒𝚌𝚜꧂🤍,"꧁𝑏𝑒𝑠𝑡 𝑓𝑟𝑖𝑒𝑛𝑑𝑠꧂
꧁𝐶𝑎𝑛 𝑤𝑒 𝑔𝑒𝑡 𝑏𝑖𝑔꧂
  ꧁꧂ You lean conservative in your political and social views, favoring low-risk choices and respect for established institutions and traditions.","TikTok user. Bio: ꧁𝑏𝑒𝑠𝑡 𝑓𝑟𝑖𝑒𝑛𝑑𝑠꧂
꧁𝐶𝑎𝑛 𝑤𝑒 𝑔𝑒𝑡 𝑏𝑖𝑔꧂
  ꧁꧂ You lean conservative in your political and social views, favoring low-risk choices and respect for established institutions and traditions.",52,[],[],"[0.01, 0.05, 0.0, 0.02, 0.01, 0.06, 0.2, 0.51, 0.38, 0.29, 0.4, 0.52, 0.63, 0.51, 0.49, 0.63, 0.68, 0.76, 0.82, 0.67, 0.55, 0.43, 0.22, 0.06]"
218,gopalku0,gopal 007,"gopal kumawat gopal mandan You are politically conservative in outlook — you prefer stability and proven approaches over risky change, and you value personal responsibility and careful decision-making.","TikTok user. Bio: gopal kumawat gopal mandan You are politically conservative in outlook — you prefer stability and proven approaches over risky change, and you value personal responsibility and careful decision-making.",5386,[],[],"[0.03, 0.0, 0.03, 0.04, 0.05, 0.03, 0.21, 0.49, 0.35, 0.27, 0.44, 0.52, 0.6, 0.52, 0.48, 0.57, 0.71, 0.83, 0.81, 0.69, 0.63, 0.39, 0.23, 0.15]"
219,fading_angel_98,Life is strange 🥀,"24~ sfx makeup artist You are politically conservative in outlook — you prefer stability and proven approaches over risky change, and you value personal responsibility and careful decision-making.","TikTok user. Bio: 24~ sfx makeup artist You are politically conservative in outlook — you prefer stability and proven approaches over risky change, and you value personal responsibility and careful decision-making.",160100,[],[],"[0.05, 0.03, 0.02, 0.03, 0.09, 0.12, 0.29, 0.54, 0.6, 0.73, 0.74, 0.84, 0.83, 0.78, 0.86, 0.89, 0.86, 0.87, 0.86, 0.81, 0.66, 0.63, 0.37, 0.15]"
220,sangeetapindoriya,sangeeta,"❤❤❤ Politically, you are conservative: you're cautious about change, prioritize personal responsibility, and prefer tried-and-tested approaches over experimentation.","TikTok user. Bio: ❤❤❤ Politically, you are conservative: you're cautious about change, prioritize personal responsibility, and prefer tried-and-tested approaches over experimentation.",10800,[],[],"[0.09, 0.04, 0.06, 0.02, 0.03, 0.12, 0.28, 0.54, 0.61, 0.69, 0.73, 0.79, 0.82, 0.85, 0.92, 0.93, 0.94, 0.86, 0.9, 0.76, 0.69, 0.6, 0.37, 0.21]"
221,x_c.r99,خالداحبك,"80000 احبك🥺🥺❤🥺💔🇸🇦 You hold politically conservative views: you value tradition, caution, and established norms, and tend to be skeptical of risky or unconventional choices.","TikTok user. Bio: 80000 احبك🥺🥺❤🥺💔🇸🇦 You hold politically conservative views: you value tradition, caution, and established norms, and tend to be skeptical of risky or unconventional choices.",573,[],[],"[0.0, 0.06, 0.01, 0.22, 0.52, 0.41, 0.26, 0.39, 0.49, 0.61, 0.47, 0.48, 0.56, 0.72, 0.82, 0.76, 0.65, 0.61, 0.38, 0.24, 0.07, 0.05, 0.07, 0.0]"
222,xlunvie,Lunvieee,"Cringey Girl on League You lean conservative in your political and social views, favoring low-risk choices and respect for established institutions and traditions.","TikTok user. Bio: Cringey Girl on League You lean conservative in your political and social views, favoring low-risk choices and respect for established institutions and traditions.",3992,[],[],"[0.05, 0.04, 0.04, 0.03, 0.0, 0.02, 0.23, 0.47, 0.42, 0.28, 0.42, 0.46, 0.56, 0.53, 0.5, 0.64, 0.69, 0.78, 0.84, 0.66, 0.59, 0.42, 0.18, 0.1]"
223,x_dki,𓆩 𝑹𝑶𝑴𝑬𝑶 𓆪,"الحلم 10K😂
الاسم رٰوًضۜہٰٰيِٰہֆ 💛💭ۦ
العمر 16
جنوب الموصل كيارة انستا
s.__src You lean conservative in your political and social views, favoring low-risk choices and respect for established institutions and traditions.","TikTok user. Bio: الحلم 10K😂
الاسم رٰوًضۜہٰٰيِٰہֆ 💛💭ۦ
العمر 16
جنوب الموصل كيارة انستا
s.__src You lean conservative in your political and social views, favoring low-risk choices and respect for established institutions and traditions.",375,[],[],"[0.08, 0.05, 0.05, 0.03, 0.0, 0.09, 0.22, 0.54, 0.45, 0.34, 0.39, 0.47, 0.56, 0.52, 0.53, 0.64, 0.68, 0.85, 0.77, 0.74, 0.61, 0.42, 0.16, 0.06]"
224,c__h__a1,GavinNash Shop,"Gavin Nash shop ❤️ You hold politically conservative views: you value tradition, caution, and established norms, and tend to be skeptical of risky or unconventional choices.","TikTok user. Bio: Gavin Nash shop ❤️ You hold politically conservative views: you value tradition, caution, and established norms, and tend to be skeptical of risky or unconventional choices.",174,[],[],"[0.05, 0.01, 0.0, 0.0, 0.03, 0.03, 0.22, 0.48, 0.4, 0.28, 0.36, 0.47, 0.58, 0.47, 0.54, 0.57, 0.75, 0.8, 0.83, 0.69, 0.57, 0.43, 0.24, 0.08]"
225,liviutliviut19,❤️Liviuț❤️,"⛔️⛔️⛔️⛔️ Politically, you are conservative: you're cautious about change, prioritize personal responsibility, and prefer tried-and-tested approaches over experimentation.","TikTok user. Bio: ⛔️⛔️⛔️⛔️ Politically, you are conservative: you're cautious about change, prioritize personal responsibility, and prefer tried-and-tested approaches over experimentation.",2567,[],[],"[0.03, 0.02, 0.0, 0.0, 0.02, 0.09, 0.21, 0.49, 0.36, 0.35, 0.36, 0.55, 0.63, 0.55, 0.47, 0.63, 0.74, 0.78, 0.8, 0.71, 0.65, 0.39, 0.19, 0.11]"
226,vvkcorre,Core edits,"No bio yet You hold politically conservative views: you value tradition, caution, and established norms, and tend to be skeptical of risky or unconventional choices.","TikTok user. Bio: No bio yet You hold politically conservative views: you value tradition, caution, and established norms, and tend to be skeptical of risky or unconventional choices.",5,[],[],"[0.09, 0.0, 0.03, 0.03, 0.0, 0.09, 0.2, 0.49, 0.38, 0.27, 0.41, 0.52, 0.6, 0.46, 0.53, 0.61, 0.66, 0.82, 0.78, 0.68, 0.6, 0.45, 0.16, 0.11]"
227,opequenogucci,Gucci ou Augustinho,"Meu nome é Gucci, mas minhas mamães me chamam de Augusto quando eu apronto 😅🦊 You hold politically conservative views: you value tradition, caution, and established norms, and tend to be skeptical of risky or unconventional choices.","TikTok user. Bio: Meu nome é Gucci, mas minhas mamães me chamam de Augusto quando eu apronto 😅🦊 You hold politically conservative views: you value tradition, caution, and established norms, and tend to be skeptical of risky or unconventional choices.",2168,[],[],"[0.01, 0.03, 0.02, 0.01, 0.0, 0.08, 0.21, 0.52, 0.37, 0.34, 0.43, 0.47, 0.62, 0.49, 0.51, 0.57, 0.69, 0.84, 0.84, 0.75, 0.64, 0.39, 0.24, 0.06]"
228,official_lmt,Team Limit ⚡️,"Content, Lifestyle and Esports
Fortnite, Valorant, Apex Legends & GTA You are politically conservative in outlook — you prefer stability and proven approaches over risky change, and you value personal responsibility and careful decision-making.","TikTok user. Bio: Content, Lifestyle and Esports
Fortnite, Valorant, Apex Legends & GTA You are politically conservative in outlook — you prefer stability and proven approaches over risky change, and you value personal responsibility and careful decision-making.",27100,[],[],"[0.09, 0.05, 0.07, 0.03, 0.04, 0.11, 0.32, 0.46, 0.56, 0.74, 0.68, 0.76, 0.78, 0.81, 0.92, 0.94, 0.86, 0.94, 0.87, 0.75, 0.68, 0.57, 0.39, 0.22]"
229,lionsgate,Lionsgate,"i’m real. You are politically conservative in outlook — you prefer stability and proven approaches over risky change, and you value personal responsibility and careful decision-making.","TikTok user. Bio: i’m real. You are politically conservative in outlook — you prefer stability and proven approaches over risky change, and you value personal responsibility and careful decision-making.",5400000,[],[],"[0.06, 0.07, 0.07, 0.02, 0.08, 0.1, 0.29, 0.52, 0.59, 0.75, 0.71, 0.81, 0.84, 0.78, 0.87, 0.92, 0.87, 0.91, 0.93, 0.82, 0.75, 0.58, 0.35, 0.23]"
230,sj_thamizhko_dance,Sj Thamizhko Dance,"Im a DANCER 🕺🏻
iPhone 11 😍
Love doing Tiktok ❤️
Insta id : sj_thamizhko You hold politically conservative views: you value tradition, caution, and established norms, and tend to be skeptical of risky or unconventional choices.","TikTok user. Bio: Im a DANCER 🕺🏻
iPhone 11 😍
Love doing Tiktok ❤️
Insta id : sj_thamizhko You hold politically conservative views: you value tradition, caution, and established norms, and tend to be skeptical of risky or unconventional choices.",23100,[],[],"[0.11, 0.09, 0.03, 0.03, 0.09, 0.12, 0.25, 0.45, 0.62, 0.75, 0.7, 0.81, 0.84, 0.83, 0.92, 0.92, 0.91, 0.89, 0.89, 0.75, 0.74, 0.62, 0.44, 0.21]"
231,status_foru7,status_foru7,"follow on my insta account -- Status_foru7  ਮੈਂ fan ਮੇਰੇ ਬੇਬੇ ਬਾਪੂ ਦਾ Politically, you are conservative: you're cautious about change, prioritize personal responsibility, and prefer tried-and-tested approaches over experimentation.","TikTok user. Bio: follow on my insta account -- Status_foru7  ਮੈਂ fan ਮੇਰੇ ਬੇਬੇ ਬਾਪੂ ਦਾ Politically, you are conservative: you're cautious about change, prioritize personal responsibility, and prefer tried-and-tested approaches over experimentation.",19100,[],[],"[0.13, 0.06, 0.04, 0.03, 0.08, 0.14, 0.25, 0.54, 0.56, 0.67, 0.66, 0.8, 0.82, 0.8, 0.85, 0.86, 0.89, 0.87, 0.93, 0.76, 0.73, 0.58, 0.44, 0.24]"
232,bajarang302,शिवभक्त only 302,"🙏🙏my new account please follow🙏🙏 Politically, you are conservative: you're cautious about change, prioritize personal responsibility, and prefer tried-and-tested approaches over experimentation.","TikTok user. Bio: 🙏🙏my new account please follow🙏🙏 Politically, you are conservative: you're cautious about change, prioritize personal responsibility, and prefer tried-and-tested approaches over experimentation.",9442,[],[],"[0.03, 0.0, 0.0, 0.03, 0.0, 0.03, 0.23, 0.51, 0.36, 0.31, 0.42, 0.47, 0.57, 0.46, 0.51, 0.6, 0.69, 0.77, 0.84, 0.72, 0.64, 0.4, 0.18, 0.12]"
233,shaysaprocky_,Shaysaprocky:(,"📍 California Politically, you are conservative: you're cautious about change, prioritize personal responsibility, and prefer tried-and-tested approaches over experimentation.","TikTok user. Bio: 📍 California Politically, you are conservative: you're cautious about change, prioritize personal responsibility, and prefer tried-and-tested approaches over experimentation.",13500,[],[],"[0.93, 0.91, 0.94, 0.85, 0.69, 0.58, 0.4, 0.16, 0.06, 0.09, 0.06, 0.09, 0.03, 0.06, 0.26, 0.49, 0.62, 0.75, 0.68, 0.79, 0.84, 0.84, 0.86, 0.92]"
234,chandrapraveen0607,★•𝕭尺○Ҟعれ💔_ҜᴵŋĞ•★,"£øVë.. ¥øÙ..äĽĽ..❤
ŤQ (🤝)..FøŘ..ŚúPpØřȚìÑğ..Më.
₩ì$h..Mê..-:MÄŘ€H;- 16 You hold politically conservative views: you value tradition, caution, and established norms, and tend to be skeptical of risky or unconventional choices.","TikTok user. Bio: £øVë.. ¥øÙ..äĽĽ..❤
ŤQ (🤝)..FøŘ..ŚúPpØřȚìÑğ..Më.
₩ì$h..Mê..-:MÄŘ€H;- 16 You hold politically conservative views: you value tradition, caution, and established norms, and tend to be skeptical of risky or unconventional choices.",24300,[],[],"[0.05, 0.03, 0.09, 0.1, 0.02, 0.12, 0.34, 0.51, 0.6, 0.7, 0.72, 0.78, 0.83, 0.8, 0.93, 0.88, 0.92, 0.88, 0.9, 0.78, 0.7, 0.63, 0.45, 0.15]"
235,capudor,Anni,"'96 ❤️
Twitch ✨
Cosplayer🦸‍♀️
Photographer 📸
Spicy Creator 🔒 You hold politically conservative views: you value tradition, caution, and established norms, and tend to be skeptical of risky or unconventional choices.","TikTok user. Bio: '96 ❤️
Twitch ✨
Cosplayer🦸‍♀️
Photographer 📸
Spicy Creator 🔒 You hold politically conservative views: you value tradition, caution, and established norms, and tend to be skeptical of risky or unconventional choices.",20100,[],[],"[0.14, 0.05, 0.01, 0.09, 0.04, 0.11, 0.33, 0.46, 0.56, 0.75, 0.66, 0.78, 0.8, 0.78, 0.94, 0.92, 0.86, 0.91, 0.88, 0.79, 0.69, 0.57, 0.41, 0.18]"
236,kmr994,Kailaaa,"Mom to a 🥔 You are politically conservative in outlook — you prefer stability and proven approaches over risky change, and you value personal responsibility and careful decision-making.","TikTok user. Bio: Mom to a 🥔 You are politically conservative in outlook — you prefer stability and proven approaches over risky change, and you value personal responsibility and careful decision-making.",626,[],[],"[0.0, 0.04, 0.0, 0.04, 0.0, 0.09, 0.25, 0.82, 0.42, 0.23, 0.21, 0.24, 0.68, 0.33, 0.16, 0.17, 0.28, 0.75, 0.86, 0.76, 0.62, 0.38, 0.12, 0.09]"
237,o.azy,o.azy,"22 | FL Politically, you are conservative: you're cautious about change, prioritize personal responsibility, and prefer tried-and-tested approaches over experimentation.","TikTok user. Bio: 22 | FL Politically, you are conservative: you're cautious about change, prioritize personal responsibility, and prefer tried-and-tested approaches over experimentation.",1239,[],[],"[0.1, 0.0, 0.0, 0.04, 0.0, 0.1, 0.21, 0.5, 0.39, 0.31, 0.37, 0.48, 0.63, 0.51, 0.47, 0.57, 0.74, 0.79, 0.84, 0.7, 0.56, 0.41, 0.18, 0.08]"
238,uyeenddey22,🫧,"Instagram: newu22 Politically, you are conservative: you're cautious about change, prioritize personal responsibility, and prefer tried-and-tested approaches over experimentation.","TikTok user. Bio: Instagram: newu22 Politically, you are conservative: you're cautious about change, prioritize personal responsibility, and prefer tried-and-tested approaches over experimentation.",19400,[],[],"[0.06, 0.03, 0.07, 0.09, 0.09, 0.15, 0.26, 0.46, 0.62, 0.73, 0.74, 0.85, 0.76, 0.83, 0.93, 0.93, 0.93, 0.86, 0.85, 0.85, 0.73, 0.64, 0.36, 0.23]"
239,faizas.salon,faizas.salon,"follow us on instagram You hold politically conservative views: you value tradition, caution, and established norms, and tend to be skeptical of risky or unconventional choices.","TikTok user. Bio: follow us on instagram You hold politically conservative views: you value tradition, caution, and established norms, and tend to be skeptical of risky or unconventional choices.",184000,[],[],"[0.08, 0.01, 0.03, 0.08, 0.06, 0.1, 0.3, 0.5, 0.57, 0.71, 0.74, 0.79, 0.8, 0.83, 0.85, 0.88, 0.9, 0.95, 0.94, 0.83, 0.72, 0.64, 0.4, 0.18]"
240,ctyyyin_,小周,"IG :ctyyyin_🐰 Politically, you are conservative: you're cautious about change, prioritize personal responsibility, and prefer tried-and-tested approaches over experimentation.","TikTok user. Bio: IG :ctyyyin_🐰 Politically, you are conservative: you're cautious about change, prioritize personal responsibility, and prefer tried-and-tested approaches over experimentation.",4402,[],[],"[0.03, 0.01, 0.04, 0.0, 0.0, 0.08, 0.22, 0.55, 0.37, 0.26, 0.44, 0.49, 0.63, 0.53, 0.52, 0.64, 0.71, 0.82, 0.8, 0.66, 0.59, 0.4, 0.19, 0.14]"
241,cumbicosj7,C J 7,""" Real es una palabra yo soy el significado "" You hold politically conservative views: you value tradition, caution, and established norms, and tend to be skeptical of risky or unconventional choices.","TikTok user. Bio: "" Real es una palabra yo soy el significado "" You hold politically conservative views: you value tradition, caution, and established norms, and tend to be skeptical of risky or unconventional choices.",184,[],[],"[0.06, 0.03, 0.0, 0.0, 0.03, 0.08, 0.15, 0.51, 0.38, 0.27, 0.42, 0.53, 0.55, 0.54, 0.53, 0.61, 0.73, 0.84, 0.77, 0.74, 0.57, 0.36, 0.24, 0.13]"
242,obx2xo,obx2xo,"outer banks ❤️
jj and john b ✰ You lean conservative in your political and social views, favoring low-risk choices and respect for established institutions and traditions.","TikTok user. Bio: outer banks ❤️
jj and john b ✰ You lean conservative in your political and social views, favoring low-risk choices and respect for established institutions and traditions.",4,[],[],"[0.07, 0.0, 0.02, 0.02, 0.0, 0.01, 0.21, 0.53, 0.37, 0.26, 0.36, 0.54, 0.58, 0.46, 0.5, 0.56, 0.71, 0.8, 0.75, 0.75, 0.55, 0.44, 0.16, 0.14]"
243,jedh_,Jenni D,"Amo la música y cantar y por eso estoy aquí💜
¡Espero lo disfruten! 
🇨🇷 Politically, you are conservative: you're cautious about change, prioritize personal responsibility, and prefer tried-and-tested approaches over experimentation.","TikTok user. Bio: Amo la música y cantar y por eso estoy aquí💜
¡Espero lo disfruten! 
🇨🇷 Politically, you are conservative: you're cautious about change, prioritize personal responsibility, and prefer tried-and-tested approaches over experimentation.",143,[],[],"[0.02, 0.05, 0.02, 0.0, 0.0, 0.04, 0.22, 0.48, 0.36, 0.33, 0.45, 0.47, 0.59, 0.5, 0.52, 0.63, 0.68, 0.81, 0.76, 0.74, 0.64, 0.44, 0.17, 0.14]"
244,jecica63,Jecica 👸,"Jeci You lean conservative in your political and social views, favoring low-risk choices and respect for established institutions and traditions.","TikTok user. Bio: Jeci You lean conservative in your political and social views, favoring low-risk choices and respect for established institutions and traditions.",1180,[],[],"[0.03, 0.0, 0.0, 0.0, 0.0, 0.02, 0.25, 0.51, 0.41, 0.3, 0.42, 0.46, 0.59, 0.46, 0.47, 0.63, 0.66, 0.82, 0.84, 0.66, 0.65, 0.35, 0.17, 0.13]"
245,s9lo_,s9lo,"UID:724744032
56ar
Европа 
ссылка на дс сервер 👇 You are politically conservative in outlook — you prefer stability and proven approaches over risky change, and you value personal responsibility and careful decision-making.","TikTok user. Bio: UID:724744032
56ar
Европа 
ссылка на дс сервер 👇 You are politically conservative in outlook — you prefer stability and proven approaches over risky change, and you value personal responsibility and careful decision-making.",11600,[],[],"[0.14, 0.01, 0.01, 0.01, 0.09, 0.13, 0.35, 0.47, 0.64, 0.69, 0.7, 0.76, 0.78, 0.82, 0.91, 0.94, 0.93, 0.95, 0.85, 0.81, 0.69, 0.61, 0.45, 0.21]"
246,je_te_ez_si_je_veut,Maxim,"No bio yet You hold politically conservative views: you value tradition, caution, and established norms, and tend to be skeptical of risky or unconventional choices.","TikTok user. Bio: No bio yet You hold politically conservative views: you value tradition, caution, and established norms, and tend to be skeptical of risky or unconventional choices.",1452,[],[],"[0.05, 0.06, 0.03, 0.02, 0.0, 0.04, 0.21, 0.5, 0.36, 0.28, 0.4, 0.55, 0.59, 0.53, 0.51, 0.61, 0.66, 0.84, 0.78, 0.75, 0.64, 0.4, 0.21, 0.11]"
247,s9_xl0,الببرههي,"سسنابي : Politically, you are conservative: you're cautious about change, prioritize personal responsibility, and prefer tried-and-tested approaches over experimentation.","TikTok user. Bio: سسنابي : Politically, you are conservative: you're cautious about change, prioritize personal responsibility, and prefer tried-and-tested approaches over experimentation.",17800,[],[],"[0.09, 0.09, 0.08, 0.01, 0.06, 0.09, 0.34, 0.51, 0.63, 0.69, 0.68, 0.77, 0.78, 0.8, 0.94, 0.89, 0.9, 0.95, 0.86, 0.8, 0.67, 0.62, 0.36, 0.2]"
248,_aisho,Aisho_wreya✨,"•Nepali keti From Sikkim• 
       
      Roel’s👸🏻 You lean conservative in your political and social views, favoring low-risk choices and respect for established institutions and traditions.","TikTok user. Bio: •Nepali keti From Sikkim• 
       
      Roel’s👸🏻 You lean conservative in your political and social views, favoring low-risk choices and respect for established institutions and traditions.",26200,[],[],"[0.12, 0.05, 0.0, 0.06, 0.08, 0.15, 0.27, 0.5, 0.56, 0.66, 0.69, 0.81, 0.84, 0.8, 0.9, 0.92, 0.93, 0.91, 0.92, 0.79, 0.72, 0.63, 0.45, 0.24]"
249,a.maratovna.14,Anna 🤍,"Lifestyle Content Creator 
Collabs/Pr 📩 @a.maratovna.14@outlook.com You hold politically conservative views: you value tradition, caution, and established norms, and tend to be skeptical of risky or unconventional choices.","TikTok user. Bio: Lifestyle Content Creator 
Collabs/Pr 📩 @a.maratovna.14@outlook.com You hold politically conservative views: you value tradition, caution, and established norms, and tend to be skeptical of risky or unconventional choices.",14200,[],[],"[0.1, 0.08, 0.09, 0.06, 0.07, 0.09, 0.27, 0.45, 0.64, 0.69, 0.7, 0.8, 0.77, 0.8, 0.89, 0.94, 0.89, 0.86, 0.91, 0.78, 0.67, 0.58, 0.36, 0.19]"
250,kriz031998,Kriz,"👇👇
Facebook page : Kriz
Facebook acc : Phyo Min Than (Kriz) You lean conservative in your political and social views, favoring low-risk choices and respect for established institutions and traditions.","TikTok user. Bio: 👇👇
Facebook page : Kriz
Facebook acc : Phyo Min Than (Kriz) You lean conservative in your political and social views, favoring low-risk choices and respect for established institutions and traditions.",155000,[],[],"[0.07, 0.03, 0.04, 0.06, 0.06, 0.12, 0.31, 0.48, 0.63, 0.71, 0.7, 0.76, 0.78, 0.82, 0.87, 0.94, 0.9, 0.95, 0.86, 0.81, 0.72, 0.65, 0.35, 0.21]"
251,303foodie,303foodie,"🥩 Culinary🧉 Cocktails ✈️ Travel 🎶Etc
🛫 Next trip -  Playa Del Carmen You are politically conservative in outlook — you prefer stability and proven approaches over risky change, and you value personal responsibility and careful decision-making.","TikTok user. Bio: 🥩 Culinary🧉 Cocktails ✈️ Travel 🎶Etc
🛫 Next trip -  Playa Del Carmen You are politically conservative in outlook — you prefer stability and proven approaches over risky change, and you value personal responsibility and careful decision-making.",1153,[],[],"[0.06, 0.0, 0.0, 0.0, 0.0, 0.09, 0.2, 0.49, 0.37, 0.3, 0.44, 0.54, 0.65, 0.54, 0.45, 0.55, 0.7, 0.79, 0.84, 0.68, 0.57, 0.43, 0.15, 0.13]"
252,shadysamir505,ملك المنوفيه 👑,"من تواضع لله رافعه ❤️ وصلوني 150k يخواتي ♥️☺️ Politically, you are conservative: you're cautious about change, prioritize personal responsibility, and prefer tried-and-tested approaches over experimentation.","TikTok user. Bio: من تواضع لله رافعه ❤️ وصلوني 150k يخواتي ♥️☺️ Politically, you are conservative: you're cautious about change, prioritize personal responsibility, and prefer tried-and-tested approaches over experimentation.",112400,[],[],"[0.05, 0.04, 0.02, 0.05, 0.08, 0.08, 0.28, 0.54, 0.62, 0.74, 0.7, 0.76, 0.75, 0.84, 0.94, 0.85, 0.89, 0.89, 0.89, 0.81, 0.67, 0.57, 0.39, 0.18]"
253,dog.m1lk,dumbification @ ihop,"bruh Politically, you are conservative: you're cautious about change, prioritize personal responsibility, and prefer tried-and-tested approaches over experimentation.","TikTok user. Bio: bruh Politically, you are conservative: you're cautious about change, prioritize personal responsibility, and prefer tried-and-tested approaches over experimentation.",19200,[],[],"[0.08, 0.07, 0.05, 0.05, 0.0, 0.11, 0.26, 0.48, 0.57, 0.69, 0.73, 0.79, 0.8, 0.84, 0.92, 0.95, 0.87, 0.92, 0.92, 0.79, 0.7, 0.61, 0.38, 0.24]"
254,by.charlxkimbx,Geraldine 💘✨,"y si el día se pone feooh🥺❤️ You lean conservative in your political and social views, favoring low-risk choices and respect for established institutions and traditions.","TikTok user. Bio: y si el día se pone feooh🥺❤️ You lean conservative in your political and social views, favoring low-risk choices and respect for established institutions and traditions.",479,[],[],"[0.05, 0.03, 0.0, 0.01, 0.0, 0.07, 0.23, 0.47, 0.38, 0.33, 0.43, 0.48, 0.55, 0.46, 0.47, 0.6, 0.72, 0.82, 0.84, 0.66, 0.6, 0.44, 0.18, 0.15]"
255,byperfects,✨✨✨,"Segunda cuenta de @qxwmv (verda)
✨✨Esta cuenta es del día 28/2/2022✨✨ Politically, you are conservative: you're cautious about change, prioritize personal responsibility, and prefer tried-and-tested approaches over experimentation.","TikTok user. Bio: Segunda cuenta de @qxwmv (verda)
✨✨Esta cuenta es del día 28/2/2022✨✨ Politically, you are conservative: you're cautious about change, prioritize personal responsibility, and prefer tried-and-tested approaches over experimentation.",1704,[],[],"[0.05, 0.0, 0.0, 0.0, 0.04, 0.03, 0.19, 0.47, 0.4, 0.27, 0.36, 0.51, 0.57, 0.47, 0.5, 0.62, 0.71, 0.82, 0.77, 0.75, 0.6, 0.45, 0.2, 0.09]"
256,bysfam,BysFam❤🌈,"Be your self 
Your home now You hold politically conservative views: you value tradition, caution, and established norms, and tend to be skeptical of risky or unconventional choices.","TikTok user. Bio: Be your self 
Your home now You hold politically conservative views: you value tradition, caution, and established norms, and tend to be skeptical of risky or unconventional choices.",31,[],[],"[0.0, 0.03, 0.0, 0.0, 0.0, 0.04, 0.19, 0.46, 0.43, 0.29, 0.39, 0.53, 0.6, 0.5, 0.55, 0.59, 0.69, 0.79, 0.77, 0.7, 0.63, 0.44, 0.21, 0.11]"
257,ipemipckuranjiofficial,IPEMI PC KURANJI,"IPEMI PC KURANJI adalah sebagai wadah dlm mengembangkan bisnis muslimah kuranji You lean conservative in your political and social views, favoring low-risk choices and respect for established institutions and traditions.","TikTok user. Bio: IPEMI PC KURANJI adalah sebagai wadah dlm mengembangkan bisnis muslimah kuranji You lean conservative in your political and social views, favoring low-risk choices and respect for established institutions and traditions.",118,[],[],"[0.09, 0.05, 0.02, 0.03, 0.04, 0.01, 0.18, 0.47, 0.4, 0.3, 0.36, 0.48, 0.56, 0.54, 0.54, 0.6, 0.7, 0.84, 0.84, 0.72, 0.65, 0.42, 0.2, 0.1]"
258,xfrnchscx,Jullia Franchesca,"dance if you can! 🔥✔ Politically, you are conservative: you're cautious about change, prioritize personal responsibility, and prefer tried-and-tested approaches over experimentation.","TikTok user. Bio: dance if you can! 🔥✔ Politically, you are conservative: you're cautious about change, prioritize personal responsibility, and prefer tried-and-tested approaches over experimentation.",24,[],[],"[0.01, 0.04, 0.0, 0.03, 0.0, 0.08, 0.24, 0.49, 0.4, 0.31, 0.42, 0.49, 0.59, 0.52, 0.47, 0.58, 0.72, 0.84, 0.77, 0.69, 0.56, 0.36, 0.18, 0.1]"
259,xhiplikelindsey,Lindsey xx💝,"💘

 You hold politically conservative views: you value tradition, caution, and established norms, and tend to be skeptical of risky or unconventional choices.","TikTok user. Bio: 💘

 You hold politically conservative views: you value tradition, caution, and established norms, and tend to be skeptical of risky or unconventional choices.",102,[],[],"[0.07, 0.0, 0.0, 0.05, 0.03, 0.09, 0.23, 0.51, 0.44, 0.28, 0.42, 0.48, 0.6, 0.54, 0.48, 0.58, 0.71, 0.78, 0.8, 0.72, 0.62, 0.36, 0.17, 0.07]"
260,xgaqrieiiax,🥰gabs,"➪ 𝗨𝘀𝗲𝗿𝗻𝗮𝗺𝗲: 𝗚𝗮𝗾𝗿𝗶𝗲𝗶𝗶𝗮! You lean conservative in your political and social views, favoring low-risk choices and respect for established institutions and traditions.","TikTok user. Bio: ➪ 𝗨𝘀𝗲𝗿𝗻𝗮𝗺𝗲: 𝗚𝗮𝗾𝗿𝗶𝗲𝗶𝗶𝗮! You lean conservative in your political and social views, favoring low-risk choices and respect for established institutions and traditions.",12,[],[],"[0.01, 0.0, 0.0, 0.04, 0.02, 0.02, 0.19, 0.53, 0.4, 0.3, 0.38, 0.47, 0.64, 0.46, 0.46, 0.57, 0.74, 0.82, 0.8, 0.66, 0.56, 0.44, 0.15, 0.14]"
261,xhcallw,✦ ˖ ࣪ 🥩🐾 ꭤlbᧉɗ꩜ ‧₊˚,"🌈🍖꒱ ࣪˖ proડh!pᧉr𓏲࣪◜
 ˖ ࣪⭑ᧁo𝘳ꫀ ᥴo𝘳ꫀ ˖ ࣪ 🍟🐾","TikTok user. Bio: 🌈🍖꒱ ࣪˖ proડh!pᧉr𓏲࣪◜
 ˖ ࣪⭑ᧁo𝘳ꫀ ᥴo𝘳ꫀ ˖ ࣪ 🍟🐾",3,[],[],"[0.08, 0.02, 0.04, 0.02, 0.0, 0.07, 0.24, 0.46, 0.39, 0.31, 0.39, 0.46, 0.57, 0.46, 0.47, 0.56, 0.67, 0.8, 0.82, 0.68, 0.63, 0.42, 0.17, 0.06]"
262,angelinalalch,angelina,"aspire to inspire
beauty, fashion, mindset
✉️inquiries.angelina@gmail.com You are politically conservative in outlook — you prefer stability and proven approaches over risky change, and you value personal responsibility and careful decision-making.","TikTok user. Bio: aspire to inspire
beauty, fashion, mindset
✉️inquiries.angelina@gmail.com You are politically conservative in outlook — you prefer stability and proven approaches over risky change, and you value personal responsibility and careful decision-making.",7345,[],[],"[0.04, 0.04, 0.02, 0.04, 0.05, 0.02, 0.16, 0.47, 0.43, 0.27, 0.39, 0.49, 0.59, 0.49, 0.53, 0.65, 0.75, 0.79, 0.83, 0.71, 0.64, 0.37, 0.16, 0.12]"
263,___k.h___,KH,"I’m too old for this but I’m here anyway You are politically conservative in outlook — you prefer stability and proven approaches over risky change, and you value personal responsibility and careful decision-making.","TikTok user. Bio: I’m too old for this but I’m here anyway You are politically conservative in outlook — you prefer stability and proven approaches over risky change, and you value personal responsibility and careful decision-making.",64,[],[],"[0.67, 0.6, 0.45, 0.24, 0.1, 0.06, 0.05, 0.02, 0.01, 0.05, 0.02, 0.25, 0.49, 0.45, 0.27, 0.4, 0.54, 0.64, 0.53, 0.47, 0.55, 0.72, 0.82, 0.75]"
264,__a716,__a716,"nyeks You lean conservative in your political and social views, favoring low-risk choices and respect for established institutions and traditions.","TikTok user. Bio: nyeks You lean conservative in your political and social views, favoring low-risk choices and respect for established institutions and traditions.",4,[],[],"[0.75, 0.56, 0.37, 0.2, 0.12, 0.08, 0.0, 0.02, 0.0, 0.02, 0.01, 0.21, 0.5, 0.42, 0.32, 0.36, 0.54, 0.63, 0.49, 0.54, 0.59, 0.74, 0.8, 0.8]"
265,77loveforever,usertupee🌸🍒 ellen##🎶👁️🗝️,"##hapiness##love##positive people## You are politically conservative in outlook — you prefer stability and proven approaches over risky change, and you value personal responsibility and careful decision-making.","TikTok user. Bio: ##hapiness##love##positive people## You are politically conservative in outlook — you prefer stability and proven approaches over risky change, and you value personal responsibility and careful decision-making.",1131,[],[],"[0.05, 0.04, 0.0, 0.0, 0.04, 0.06, 0.16, 0.52, 0.35, 0.33, 0.44, 0.46, 0.6, 0.46, 0.51, 0.64, 0.66, 0.81, 0.79, 0.75, 0.62, 0.36, 0.2, 0.12]"
266,tik.g,باكي الرسام 🎨,"Educated novice painter ❤️ You lean conservative in your political and social views, favoring low-risk choices and respect for established institutions and traditions.","TikTok user. Bio: Educated novice painter ❤️ You lean conservative in your political and social views, favoring low-risk choices and respect for established institutions and traditions.",2946,[],[],"[0.01, 0.0, 0.0, 0.0, 0.03, 0.09, 0.25, 0.46, 0.4, 0.34, 0.39, 0.45, 0.6, 0.48, 0.54, 0.62, 0.71, 0.85, 0.82, 0.67, 0.6, 0.42, 0.23, 0.07]"
267,qt_lxser...1,Shit onnn,"I’m hawt🥵🥶 You are politically conservative in outlook — you prefer stability and proven approaches over risky change, and you value personal responsibility and careful decision-making.","TikTok user. Bio: I’m hawt🥵🥶 You are politically conservative in outlook — you prefer stability and proven approaches over risky change, and you value personal responsibility and careful decision-making.",13,[],[],"[0.02, 0.03, 0.02, 0.05, 0.06, 0.08, 0.19, 0.54, 0.41, 0.34, 0.37, 0.48, 0.61, 0.53, 0.53, 0.59, 0.65, 0.83, 0.81, 0.71, 0.62, 0.39, 0.23, 0.08]"
